start transaction;

drop database if exists `Makai`;
create database `Makai`;

use `Makai`;

create user 'acme-user'@'%' identified by password '*4F10007AADA9EE3DBB2CC36575DFC6F4FDE27577';

create user 'acme-manager'@'%' identified by password '*FDB8CD304EB2317D10C95D797A4BD7492560F55F';

grant select, insert, update, delete
on `Makai`.* to 'acme-user'@'%';

grant select, insert, update, delete, create, drop, references, index, alter,
create temporary tables, lock tables, create view, create routine,
alter routine, execute, trigger, show view
on `Makai`.* to 'acme-manager'@'%';

-- MySQL dump 10.13  Distrib 5.5.29, for Win64 (x86)
--
-- Host: localhost    Database: Acme-Academy
-- ------------------------------------------------------
-- Server version	5.5.29

/*!40101 SET @OLD_CHARACTER_SET_CLIENT=@@CHARACTER_SET_CLIENT */;
/*!40101 SET @OLD_CHARACTER_SET_RESULTS=@@CHARACTER_SET_RESULTS */;
/*!40101 SET @OLD_COLLATION_CONNECTION=@@COLLATION_CONNECTION */;
/*!40101 SET NAMES utf8 */;
/*!40103 SET @OLD_TIME_ZONE=@@TIME_ZONE */;
/*!40103 SET TIME_ZONE='+00:00' */;
/*!40014 SET @OLD_UNIQUE_CHECKS=@@UNIQUE_CHECKS, UNIQUE_CHECKS=0 */;
/*!40014 SET @OLD_FOREIGN_KEY_CHECKS=@@FOREIGN_KEY_CHECKS, FOREIGN_KEY_CHECKS=0 */;
/*!40101 SET @OLD_SQL_MODE=@@SQL_MODE, SQL_MODE='NO_AUTO_VALUE_ON_ZERO' */;
/*!40111 SET @OLD_SQL_NOTES=@@SQL_NOTES, SQL_NOTES=0 */;

--
-- Table structure for table `actor`
--

--
-- Table structure for table `actor`
--

DROP TABLE IF EXISTS `actor`;
/*!40101 SET @saved_cs_client     = @@character_set_client */;
/*!40101 SET character_set_client = utf8 */;
CREATE TABLE `actor` (
  `id` int(11) NOT NULL,
  `version` int(11) NOT NULL,
  `city` varchar(255) DEFAULT NULL,
  `country` varchar(255) DEFAULT NULL,
  `province` varchar(255) DEFAULT NULL,
  `state` varchar(255) DEFAULT NULL,
  `zip_code` varchar(255) DEFAULT NULL,
  `email` varchar(255) DEFAULT NULL,
  `name` varchar(255) DEFAULT NULL,
  `phone` varchar(255) DEFAULT NULL,
  `picture` longblob,
  `userAccount_id` int(11) DEFAULT NULL,
  PRIMARY KEY (`id`),
  KEY `FK_cgls5lrufx91ufsyh467spwa3` (`userAccount_id`),
  CONSTRAINT `FK_cgls5lrufx91ufsyh467spwa3` FOREIGN KEY (`userAccount_id`) REFERENCES `useraccount` (`id`)
) ENGINE=InnoDB DEFAULT CHARSET=latin1;
/*!40101 SET character_set_client = @saved_cs_client */;

--
-- Dumping data for table `actor`
--

LOCK TABLES `actor` WRITE;
/*!40000 ALTER TABLE `actor` DISABLE KEYS */;
/*!40000 ALTER TABLE `actor` ENABLE KEYS */;
UNLOCK TABLES;

--
-- Table structure for table `administrator`
--

DROP TABLE IF EXISTS `administrator`;
/*!40101 SET @saved_cs_client     = @@character_set_client */;
/*!40101 SET character_set_client = utf8 */;
CREATE TABLE `administrator` (
  `id` int(11) NOT NULL,
  `version` int(11) NOT NULL,
  `city` varchar(255) DEFAULT NULL,
  `country` varchar(255) DEFAULT NULL,
  `province` varchar(255) DEFAULT NULL,
  `state` varchar(255) DEFAULT NULL,
  `zip_code` varchar(255) DEFAULT NULL,
  `email` varchar(255) DEFAULT NULL,
  `name` varchar(255) DEFAULT NULL,
  `phone` varchar(255) DEFAULT NULL,
  `picture` longblob,
  `userAccount_id` int(11) DEFAULT NULL,
  `nid` varchar(255) DEFAULT NULL,
  `surname` varchar(255) DEFAULT NULL,
  PRIMARY KEY (`id`),
  KEY `FK_idt4b4u259p6vs4pyr9lax4eg` (`userAccount_id`),
  CONSTRAINT `FK_idt4b4u259p6vs4pyr9lax4eg` FOREIGN KEY (`userAccount_id`) REFERENCES `useraccount` (`id`)
) ENGINE=InnoDB DEFAULT CHARSET=latin1;
/*!40101 SET character_set_client = @saved_cs_client */;

--
-- Dumping data for table `administrator`
--

LOCK TABLES `administrator` WRITE;
/*!40000 ALTER TABLE `administrator` DISABLE KEYS */;
INSERT INTO `administrator` VALUES (86,0,'Jerez','Spain','Cadiz','Andalucia','11598','admin@gmail.com','administrator','+34 632144487','AC',65,'98698525D','SurnameAdmin');
/*!40000 ALTER TABLE `administrator` ENABLE KEYS */;
UNLOCK TABLES;

--
-- Table structure for table `animal`
--

DROP TABLE IF EXISTS `animal`;
/*!40101 SET @saved_cs_client     = @@character_set_client */;
/*!40101 SET character_set_client = utf8 */;
CREATE TABLE `animal` (
  `id` int(11) NOT NULL,
  `version` int(11) NOT NULL,
  `age` int(11) DEFAULT NULL,
  `chipNumber` varchar(255) DEFAULT NULL,
  `isHidden` bit(1) DEFAULT NULL,
  `name` varchar(255) DEFAULT NULL,
  `picture` longblob,
  `sex` int(11) DEFAULT NULL,
  `animalShelter_id` int(11) DEFAULT NULL,
  `customer_id` int(11) DEFAULT NULL,
  PRIMARY KEY (`id`),
  KEY `FK_8tf1ag339bn0vin3ee9ja5p6p` (`animalShelter_id`),
  KEY `FK_tnvgeyb8gdkxk2029w39podiv` (`customer_id`),
  CONSTRAINT `FK_8tf1ag339bn0vin3ee9ja5p6p` FOREIGN KEY (`animalShelter_id`) REFERENCES `animalshelter` (`id`),
  CONSTRAINT `FK_tnvgeyb8gdkxk2029w39podiv` FOREIGN KEY (`customer_id`) REFERENCES `customer` (`id`)
) ENGINE=InnoDB DEFAULT CHARSET=latin1;
/*!40101 SET character_set_client = @saved_cs_client */;

--
-- Dumping data for table `animal`
--

LOCK TABLES `animal` WRITE;
/*!40000 ALTER TABLE `animal` DISABLE KEYS */;
INSERT INTO `animal` VALUES (106,0,2,'554784P','\0','Name Animal 1','BI',0,NULL,93),(107,0,5,'550084P','\0','Name Animal 2','BP',1,90,NULL),(108,0,8,'554711P','\0','Name Animal 3','@I',0,91,NULL);
/*!40000 ALTER TABLE `animal` ENABLE KEYS */;
UNLOCK TABLES;

--
-- Table structure for table `animal_breed`
--

DROP TABLE IF EXISTS `animal_breed`;
/*!40101 SET @saved_cs_client     = @@character_set_client */;
/*!40101 SET character_set_client = utf8 */;
CREATE TABLE `animal_breed` (
  `Animal_id` int(11) NOT NULL,
  `breeds_id` int(11) NOT NULL,
  KEY `FK_f44eop8njvmocbd1qeb97yy00` (`breeds_id`),
  KEY `FK_770vga86sxr38egrisvigqjut` (`Animal_id`),
  CONSTRAINT `FK_770vga86sxr38egrisvigqjut` FOREIGN KEY (`Animal_id`) REFERENCES `animal` (`id`),
  CONSTRAINT `FK_f44eop8njvmocbd1qeb97yy00` FOREIGN KEY (`breeds_id`) REFERENCES `breed` (`id`)
) ENGINE=InnoDB DEFAULT CHARSET=latin1;
/*!40101 SET character_set_client = @saved_cs_client */;

--
-- Dumping data for table `animal_breed`
--

LOCK TABLES `animal_breed` WRITE;
/*!40000 ALTER TABLE `animal_breed` DISABLE KEYS */;
INSERT INTO `animal_breed` VALUES (106,102),(106,103),(107,104),(108,105);
/*!40000 ALTER TABLE `animal_breed` ENABLE KEYS */;
UNLOCK TABLES;

--
-- Table structure for table `animalshelter`
--

DROP TABLE IF EXISTS `animalshelter`;
/*!40101 SET @saved_cs_client     = @@character_set_client */;
/*!40101 SET character_set_client = utf8 */;
CREATE TABLE `animalshelter` (
  `id` int(11) NOT NULL,
  `version` int(11) NOT NULL,
  `city` varchar(255) DEFAULT NULL,
  `country` varchar(255) DEFAULT NULL,
  `province` varchar(255) DEFAULT NULL,
  `state` varchar(255) DEFAULT NULL,
  `zip_code` varchar(255) DEFAULT NULL,
  `email` varchar(255) DEFAULT NULL,
  `name` varchar(255) DEFAULT NULL,
  `phone` varchar(255) DEFAULT NULL,
  `picture` longblob,
  `userAccount_id` int(11) DEFAULT NULL,
  PRIMARY KEY (`id`),
  KEY `FK_ilyjxwhe8lst5x67fxvpxhw9a` (`userAccount_id`),
  CONSTRAINT `FK_ilyjxwhe8lst5x67fxvpxhw9a` FOREIGN KEY (`userAccount_id`) REFERENCES `useraccount` (`id`)
) ENGINE=InnoDB DEFAULT CHARSET=latin1;
/*!40101 SET character_set_client = @saved_cs_client */;

--
-- Dumping data for table `animalshelter`
--

LOCK TABLES `animalshelter` WRITE;
/*!40000 ALTER TABLE `animalshelter` DISABLE KEYS */;
INSERT INTO `animalshelter` VALUES (90,0,'Tenerife','Spain','Tenerife','Islas Canarias','66154','animalShelter1@gmail.com','Name Animal Shelter1','+35632144487','AC',75),(91,0,'Sevilla','Spain','Sevilla','Andalucia','410013','animalShelter2@gmail.com','Name Animal Shelter2','+34 632887487','AC',76),(92,0,'Almeria','Spain','Almeria','Andalucia','39954','animalShelter3@gmail.com','Name Animal Shelter3','+34 632144487','AC',77);
/*!40000 ALTER TABLE `animalshelter` ENABLE KEYS */;
UNLOCK TABLES;

--
-- Table structure for table `banner`
--

DROP TABLE IF EXISTS `banner`;
/*!40101 SET @saved_cs_client     = @@character_set_client */;
/*!40101 SET character_set_client = utf8 */;
CREATE TABLE `banner` (
  `id` int(11) NOT NULL,
  `version` int(11) NOT NULL,
  `currentViews` int(11) DEFAULT NULL,
  `picture` tinyblob,
  `totalViews` int(11) DEFAULT NULL,
  PRIMARY KEY (`id`)
) ENGINE=InnoDB DEFAULT CHARSET=latin1;
/*!40101 SET character_set_client = @saved_cs_client */;

--
-- Dumping data for table `banner`
--

LOCK TABLES `banner` WRITE;
/*!40000 ALTER TABLE `banner` DISABLE KEYS */;
INSERT INTO `banner` VALUES (82,0,198,'AC',250),(83,0,125,'AC',125),(84,0,6,'AC',10);
/*!40000 ALTER TABLE `banner` ENABLE KEYS */;
UNLOCK TABLES;

--
-- Table structure for table `breed`
--

DROP TABLE IF EXISTS `breed`;
/*!40101 SET @saved_cs_client     = @@character_set_client */;
/*!40101 SET character_set_client = utf8 */;
CREATE TABLE `breed` (
  `id` int(11) NOT NULL,
  `version` int(11) NOT NULL,
  `breed` varchar(255) DEFAULT NULL,
  `specie_id` int(11) NOT NULL,
  PRIMARY KEY (`id`),
  KEY `FK_5l4m9bdndvmr5yb7se29yu0lw` (`specie_id`),
  CONSTRAINT `FK_5l4m9bdndvmr5yb7se29yu0lw` FOREIGN KEY (`specie_id`) REFERENCES `specie` (`id`)
) ENGINE=InnoDB DEFAULT CHARSET=latin1;
/*!40101 SET character_set_client = @saved_cs_client */;

--
-- Dumping data for table `breed`
--

LOCK TABLES `breed` WRITE;
/*!40000 ALTER TABLE `breed` DISABLE KEYS */;
INSERT INTO `breed` VALUES (102,0,'Mastin',99),(103,0,'Siames',100),(104,0,'Iguana',101),(105,0,'Bulldog',99);
/*!40000 ALTER TABLE `breed` ENABLE KEYS */;
UNLOCK TABLES;

--
-- Table structure for table `customer`
--

DROP TABLE IF EXISTS `customer`;
/*!40101 SET @saved_cs_client     = @@character_set_client */;
/*!40101 SET character_set_client = utf8 */;
CREATE TABLE `customer` (
  `id` int(11) NOT NULL,
  `version` int(11) NOT NULL,
  `city` varchar(255) DEFAULT NULL,
  `country` varchar(255) DEFAULT NULL,
  `province` varchar(255) DEFAULT NULL,
  `state` varchar(255) DEFAULT NULL,
  `zip_code` varchar(255) DEFAULT NULL,
  `email` varchar(255) DEFAULT NULL,
  `name` varchar(255) DEFAULT NULL,
  `phone` varchar(255) DEFAULT NULL,
  `picture` longblob,
  `userAccount_id` int(11) DEFAULT NULL,
  `avgRating` double DEFAULT NULL,
  `nid` varchar(255) DEFAULT NULL,
  `surname` varchar(255) DEFAULT NULL,
  PRIMARY KEY (`id`),
  KEY `FK_pwmktpkay2yx7v00mrwmuscl8` (`userAccount_id`),
  CONSTRAINT `FK_pwmktpkay2yx7v00mrwmuscl8` FOREIGN KEY (`userAccount_id`) REFERENCES `useraccount` (`id`)
) ENGINE=InnoDB DEFAULT CHARSET=latin1;
/*!40101 SET character_set_client = @saved_cs_client */;

--
-- Dumping data for table `customer`
--

LOCK TABLES `customer` WRITE;
/*!40000 ALTER TABLE `customer` DISABLE KEYS */;
INSERT INTO `customer` VALUES (93,0,'Huelva','Spain','Huelva','Andalucia','32004','customer1@gmail.com','Name Customer1','+34 632144487','BI',66,15.4,'326598T','Surname Customer1'),(94,0,'Lisboa','Portugal','Lisboa','Lisboa','87201','customer2@gmail.com','Name Customer2','+39632144487','@@',67,1.2,'300598T','Surname Customer2'),(95,0,'Rome','Italy','Rome','Rome','32664','customer3@gmail.com','Name Customer3','+34 699655654','BI',68,98.4,'326500T','Surname Customer3'),(32769,1,'prueba','prueba','','','prueba','prueba@prueba.es','prueba','+34697271194','PNG\r\n\Z\n\0\0\0\rIHDR\0\0\0\0v\0\0\0O@{\\\0\0IDATxyt]uNCtJ\'ee(x{ȕuz8\\`KRZm)ttnӒs{҉I9K3}>t|0C\0\0\0\0\0\0iN\0\0\0\0\0\0!\0\0\0\0\0@Z#\0\0\0\0\0@Z#\0\0\0\0\0@Z#\0\0\0\0\0@Z#\0\0\0\0\0@Z#\0\0\0\0\0@Z#\0\0\0\0\0@Z#\0\0\0\0\0@ZsS\0\0\0tam۲,ٳguVm۶M۷ouV544}1BFҠA4tP\r2DÆ\rӰaG?/I\0\0\0aE\0\0\0J\n@A(CeeeEӛo\r6hϞ=ڽ{8:544D466Fǂ $CQNNc]vU߾}շo_\r6L^x\\!\0\0\0\0h|ߗmIEԁokٲeZjl٢אݻkȐ!\Z;v&OK.DF>\'C%	ٶ-q\0\0@D\0\0SmZhƍZnV^%Kh͚5G}뺲C#D[\rM~,AD\"q۷.M0AguƎ$2?qf;\0\0\0\0\0\0T0j۶m***[oyiڵ;#u~Le۶lێ*]uU+ugkСٳ1\0\0\0\0\0+DBzڼys1Se*Z1ZeE$uIwyn=Z:thu\0\0\Z\0\0h̐vq{9=SZn](=zs~au޽n\0\0\0m\0\0h|ߗyΖ$\'?{=}6t|$::uÇs/*++KIC\0@E\0\0ڔ0yb$iٲe5TYA Snӭ*I</\0\0Ж`\06hTqq̙W^yE͓(ɔc1UVjԨQuu/<\0\0\0X\0\0M}_HVZIRTy^WG2$666JNյ^+uA!\0\0@#\0\0/hw}W=}]9#۶Tpu$;&	>+77Ws\0\0\0\0\02ꫯӟ}]ID\rÿeY]wݥ_t\0\0\0d2*\0\0@\n@Au]}߿?J	˲sg?G}T}U<WVVVW\0\0p\0\0@	PAqq=}Erq;#<\'h\0<\0\0@!\0\0%Ca(۶o>=zgTSSX,֦]X,D\"!I>ˣB\0\02\r\0\0ɕW{ѓO>_򗒤,0} y睧%jmF\0A\0\02rGeeez\'OGmqzyiqIرc׿UƍmJ,\0\01Oo\0\0 #0?YO?lۖW eYZ~|Imݺ5\0\0)\0\0@FH$,KӟcI:\n33$_Գ>*Y\0\0\0\0\0 ^{M?U^^.uSbY~_/ǉ\0\0;,\0\0wܼy~ӟjժUb0t?֬Yy\0\0\0\0\0%fYjkkH.8\n@CsTTTZvm4	\0\0\0\0HKaʲ,q?AeQ5t<ϓz裏BRYY\0\0\0\0\0\0^awyGoFIb3d0ԛoǪmu\0\0i\0\0\0R駟VMM\rA5eIBC\0\0tC\0\0Ҏm۲,K˗/o!pTTT\'Ig\0D\0\0ҊyѮӟA«,˒eY_\r6ȶy4\0\0鉧\0\0v,믿BiazUZZ*۶\0\0i\0\0\00庮5w\\˲T/2Um_\0\0\0\0H&P7|Se`+,K{oZ\0\0@!\0\0)g+˲T\\\\竡AXW_\"˲\0\0i\0\0\0\\rFK.Ďx%b1h٪f;\0\0H+<\0\03svܩW_}Ur]\0+{=Qp\0\0 `\0\n upBȶm28߯oQ\0\0HX\0\0 LO<WaaW,C9#eUUUIA\"\0\0HX\0\0 -iѢEjhhDO*s^QQz+Z\0\0T#\0\0)\\ו$_^v$9Ch\ZRoV&#!\0\0H5,\0\02Ɂy$RT\\׫Px\\ar=\0\0@`\0}_az7$50m\nPڶm,ˢ\"\0\0\0\0H)˲hXiQ/V}},ˢ\0\0\0\0H 8<ӦMTYY)]R-9<7o8 9X\0\0 \0\0@Ja(qw^-Z*M\0}-^XM\0\0\0\0H	SѳcHQXRRifc\0\0\0\0H	TTT\n4URR0.\0\0H,\0\0&ՁTYYS\0\0`\0yXi\\555^\0\0h\0\0@Jʲ,4U^^:I\'\0\0C\0\0RqIRUUH\Z;x \0\0H9,\0\00m}_^N,j!$\0\0B\0\0R¶mUTT*K6\0\0 \0\0)`Qݓ~,REE-\0\0 \0\0@3AHEE*++S\Zȁ\n,,\0\0*X\0\0 e*++	Ҙmjll\0\0\0\0H ${ґeY]\'\0\0T\"\0\0)<I d۶rssS\0\0`\0Vgª<u%ūAnݺcǎ\0@`\0S~~$tE\0\0\0\0H0UPP\"}$U]v%\0\0)G\0\0R}b1u9K	0\0\0\0\0hue}a\'=`\0t@\0\0RƲ+RPP@!\0\0H9,\0\0R:u8\n K1`\0t@\0\0R!;vT׮]	ҐeYڵ:u\0\0v\0\0\0TNԫWT0ջwoٶ-6\0\0 e\0\0@Jǐ謳\"ICyyy߿$`\0\"\0\0)a^\r0@]tCӄeY\nPeiݻwt\0\0 U\0\0@JX%󔓓uT/	:TY+BW\0\0O\"\0\0 eLXһwoM<Y9j˓D\0\0R\'\0\02&޽OUa`eY}_4h \Z5Jy\0\0\0\0H3o)//OW^ye4$5yE]\0\0,\0\02m+9:Kz$m۲,K]t_8\0\0@*4\0\0RʄU]t/uI\n.]/\nÐk\0\0R\0\0Rm-++KW]u:u$fY eY\Z4h\r\Z$j8\0\0x2\0\0)e,]y*((f۶|WntUWEǹ\0\0 `\02?4b]veaV8$w@}\0\0V\0\0@ʙĲ,=\Z=z0T,K\"vMW_}z%\0\04A\0\0RXkKաCaHP+pG颋.\'?Iy\0\0i\0\0\0\r۶>OiĉJ$QkZeYӵ^3\0\0,\0\06L+矯뮻NXJVH$я~T\\r|Or\0\0\0B\0\0N4uT%T/sG\'5j(aH\0\0H;X\0\0 8 ty;Nx-oM4)\0\0,\0\0V,ˊ.\"M6-:N|,ˊB/}Kׯ|ߧ\n\0\0%,\0\0vlۖ\Z2dz!ٶ͎TA;Sw^\\q\0@:\"\0\0iTk/I\n@ri϶(ooС ;\0\0@)\0\0%q:v\\W_}l&h9Cm<1B<FZT_\0t\0\0Hka*//OO>&O tLx/|AyX\0\0\0\'\0\0v˲4i$}+_y!i0!E=CT\0\0\0ajƌ{Er\\וyC1K\0\0d\0\0@F}_999>{WDBYYYmmqy.L<z%\0@ư0S\0\0Ǖ;vל9s$\Z~W~̎+Bq,\0\01xj\0\0#}\r\Z4HO=N*PuaLS(CGe]&Im\0\0\n,\0\0Q0Tm[~[ɲ,h2C\Z5J>>69w\0\0\0\0\0Q\r^xA\'|s]Wajԩկ~;CW\0\0 s\0\02Zn\\<Hܴ,RVVf̘_ך>}:\0\0x\0w=RbhT[gYVӠ$z衇4bIRT^\0F\0\02ٝA>~ӟjÆ\rU$Gu Pvv~}T޽08^&\0\0!\0\0mBcc%I?~hҥQpevk+>mGh4tPvmX,&8\0\0M \0\0mFrիSOPP;<7N<ne\0\0%X\0\0M2s\nOj,\r<X_tws\nÐ+\0\0&`\06-C_SO=իWKb|ψ@˲,cǎz衇t]wiQ$\0\0@[E\0\0ڤ\n%}YFs3<ݻwK:4]Rca:<\ZY%۶<ϓm[g|F\'NTAACk,+\0\0f`\06SXLT___]GAthnT~YZa(誫W_kFCt(3_\0\0Ж`\0v zWdmڴI[n՞={|8dxt2R~СC5|p7NrƎ+IJ$m;Z\0\0@[G\0\0ڜǛ#Lnm۶^Ӝ9sqFXj;#~ѥKuUץ^~袋(2ߗ6B\0\0`\0v)*oz/kɒ%	ɴY%qtg#nM4)\nLƌ+\0\0О`\06ʹ晰dq544h7oV^[j׮]ھ}u!Ӊ\Z;v.r9R>u\0.X\0\0!\0\0m	PW]u.2I(yՑO}}TWWzթJ{ݻ{nٳGڽ{\Z!Co߾ׯ@UNN:w.]4\'j}_qp}=jF\0\0LG\0\0亮mۦo]k֬ј1ct.G>uU9X$W6㩭UEE***TZZr TPPnݺ)??_>0(x]!h\"zJGW_}u{1\0\0X\0\0 𪢢BO=~6СCuꢋ.҄	4rc\'j14A	?euSpJ$Q0~ZKKKrJ-YDӂ|矯?\Z>|xt^\0\0\02\0\0hɭ_/~1j3x\\ҡj3f[oոqԯ_?6^wd<|$Tu5xm۶Mgs=;wJRAAGѷ-u94\0\0dX\0\0 oi,uSd*$i	{uתgϞIկp\\DBZ`~_Wcc1ÄvO\n.\0\0LD\0\02<O<~˶my_g۶bwﮛnIwu&O,IQ\\x&+LTii}YT\\\\U}˲LХ^\ZU\0\0d*,\0\0w{ꩧO&j;H%?wޚ8qnf͘1CYYYUAI:3]n~$-YD>.\\<xk?X,&u]w?:vd;\0\0@!\0\0\'9Zh/hƍbQaLtx$\r6L&L\\뮻NF>evԦw: yr\'ܹsUXXիWkժUܮ8}_zGo~YX\0\0 `\0^UUUoo<a2U\"J:v쨫Z\\r;<M2%\nLm\'=|iÆ\rZ|~mڲeK9ǵ,q\r6L>M5\"\0\0\0\0((o*Huݓ}u\"eEaSSN!CG3jjj}v^Z/fϞFIB3<./|AdgD\0\0L@\0\02	wCzUVVFUEXcZ,ˊ=z3n6=Z:th2x|WCC>͚5Kon:Iw\rC#/\'\'G/~Q;wV:\0\0`\0p#ɱQ<SVV6lؠ~XsΕfT.h?kFGB&T@Vo[oOL4k,]|\'5x\0\0H7\0\0\0퓩\nPX줂Sdv\ZlpAaNՔ)S`mׯ&(xLV]]Dx-D\"j$\0\0@\0\0ZU*=(RZZK\\UUUTEE\Z\Z\ZਮN~._{ϟһ6ǺMcO|*((PGgZ]ոq4~x^u]/uuk}_;vkku(//O^p֭C;(&c\0\0\0-\0\0\0\ZژJe˖iɒ%zwvZUUUV555=Էo_=ZGtwCZ5T躮>[oeYю tn6566\nÇ롇RndY{==ڿQ_Ν;SNҥƍ?_SLѹhv\0\0h\r\0\0\"nz뭷4k,wѓUeeeחea;wkі-[j|1;;V3g%%ب;S?0lͬ5??_O</K߯ӟ&la2쪫u]K/Ts$1\0\0\Z8\0\0@3:Aww߭|PbbrGmG	S?﫦F/-[,\r>\\wv*jkN<uUwyFV\'jm;~W#F9+R_җw={Q<orMD7Ѓ>[^^B\0@k \0\0-*9;wnf{-DBDB7	RT2-ZH<L=|A]tEџ[j6	\n}k_kYm\Z3f(HX8&M/~Q j*͜9Sr:944nf#\0\0-\0\0\00䗿NٳGҩM!Iaa~H:*hҤI\n \ZߜL3yds=3ׇz(\nZ\n+905}?ʕ+wڥ;CoX\0\0%`\0c~_\'PYYYf}Nb1߿_կw^%	]r%k@>}zS:uOsNt~{[o]w%uH$׿U<]2_2@\0\0oX\0\0ٙ`u]/я~#(;;kYf~ialqkH$Ʉ5DB7pnvv@f۶.r|ѱZt\r8Pg5`\0IҾ}f.sg=S*J,\0\0\0\0@J0߯ڵkrrrx7,YF9Rw}zլ@aG\r:TQm-ܢ+򴫹\'s=:s%IիWGՙXFccrrrsNG?b\0F\0\0i3P<v\ro.2F?яsNIy睧{ｷ0A̽ޫ\'6K0fZ>l=ԩ>ɻ?^wqz h\"=QWsKf;34\0\0\0͉\0\0\04b_IRVE\n05k,͛7OO>g>1cD?+9=z^u]a6ːx;<Mu;w~Wi&PMM hp\\Ӳ2v}\0\04\',\0\0l|ߗeYK-f$Taa$iȐ!~:Hi\rI7_,W庮|W=tjذaQtȞoQ_~b$W_̙3[0s޽կ~JYPw\0\0Ь\0\0@0AeYھ}yhzs\\:uuV=ڵk,G>]wuQ<vl]uUdY h\0I\Z6l*77Warf!C|G:teY;wY[7ŜD\"gyF۷oo2P\0\09`\0fa\Z*//o\0#9ٳg륗^Сok}\'qG}TYYY݊x\"&x\nP\'tUW);;;p]WAW^?#F󼨥ob-\Z \Za\\o8\0\0h6X\0\0Yx\'Iڵk^z饨`}ӟ˶m7NwqIU6𪠠@5ahCAeY?rxiջKuw}?Z`ATMAƎ襗^Ү]$\'\0\0\0\0\0h6eH/n<95k?<=ܣ+MG?&ƍUQQ!y .H3fPnnIU#F3z%q}vWҾ}dvHAh*..n\0\0_X\0\0aX,&﫡U3Q;w$w޺[5l0%]y\Z4hf̘qq͚5+\ZH*//իcweYѽޫ뮻NTSS\\۶mkOeYjhh/h#\0\0͂\0\0\0 dY-[HjަկDwUVV&I馛}N҉w$4O_uK?Yuuuɑf	LVQQ%KXx\\7߬w? \r7ܠkFH$;WCCln\05_`-[U\0\0),\0\0pLHl2-Y$%^ZuoQ^{m$Pfi亮$iz\'շo_=S}QN_ՒkVw}w4XlVt}iԨQ|6S9d-[LR@\0\0\0\08c㨺Zk֬RXAgFO][nn|A\r:TA~\"M0AYYY}Y,Sco͛uQ7|O<3M0/m*++s=U=ɶm544h͚5n\0\0\0g\0\0\06ScY/_+Wdұֳo>=3ڹsu @(Cu]>}\\וeYZ`?jРA\Z0`@5Ge0շo_\'?o.I\Z2dCQ(g~m:묳t+77WewTɬwʕZ|yT\0\0d6,\0\0p,o͛7KR^Jf)u׿U3gTCC}M#F!ѣ#(\'\'GeiӦM~FM0AXIС?|-]T_U[[:K/m&P}_׿>}ȶm۷OUTTa7oon\0\0Y`\0f	tRUUUsfg{N,R>}k׮}_{򗿬Ȳ,%	̙.]hĉСeWNN&LN:W^uIRΝ|GCmR}5}tu]rGA跿m?#eUU.]*$5\0\0\0\08-!ռysΣtR=ܣiӦEwK_R̜9S/$);;[&Mj\0kҤIܹ߯^zIv$\r\Z4H/}<{,ZHfR\"HAìcΝ7oQ\0\0N\0\08-awرCRz:gL/~Y%q|G}o~S}UTTO6l P;\\6m*fΜw,Km_&L ˲t\r7sύfq?׊+n;v8\0\08]X\0\0ഘ\n*-X@Q.|W,SYY}Y)HӃ>2e|ߗ8/͟??\n*++_R>;/KUTTq_o-Iԩ>?nٶ-۶^QpN9Z`$F\0\0N\0\0fT\"u뭷J*HzyM }s.I:pbt\"˲vZxھ}{Ԏg*?oV,3 P\"K/|3ZM5\\/rG555ɉڵK\\s6l ۶Jtyt^]vbXt\0\0\0\n\0\0)3NCC׿1jK7ɲ,,X ۶ճgOq?JJJdv)g?0L],9544P亮庮Ǒy/~7F/+pecc׿ARz\0A\0\0N	LoDD:)vz}{H$4{ljll*-[W_}Ux<tx\\-[dDBeJ?֮]x<.U___]?ϣ-]!s\Z\Z\Zoq\0\0SA\0\0NIb\nPK.ݻ%)\\JG&<O,?W^yEk׮SO=/~QSr dB\"Izgk5:˲,kzg9ɶl٢{GM6?~544D<èUpZt0\0\0N\0\0bfڵKs΍kb$7{ｧlUVV_뺮vܩTPPUu\ZlViikΝA09Ztl٢:Jէ3S)ϝ;WSL\0\0NO\0\0]vW^{e\nhϞ= J/?6B>_eY\'>f]Ԟ={2*v%Ii9+\r\0\07,\0\0p0뺊Zv<%2S庮bXeeezu(\\:|eYںuy}PxS啼SJy1\'\0\0HX\0\0ङ\n;vh޼y<ϋ׸k׿im׿֮]{;\Zad\Zضyiǎg<\0\0?	\0\0R+V;３a0<{NׯtD!yVsg<>ӄawyG+V$,\0\0pJ\0\0)[j+m_i޽z\'\'\ncjjjOh޽MW{ẮݫUVz)\0\0 `\0b_Y&iOXD\"W^yEK,v;ֹ0 В%K+(H:s~VX5k0\0\0,\0\0pJ,XKJjm`&tO<ݻw˲,%>7HȲ,޽[O<|+K.ՂR\Z\0\0i\0\0I,KK,Ozy[,˒eYZ`^{55̾kD_^ϛ:x/^)\0 \0\0\'%CmڴI7neYr\'KJ)Nk֬Q,k2}b1YFf؞8#˲qFmڴݟ\0\0p\0\0	mڹs0y)^Y$e˖i̙jRUdY4sL-[Lm7<a]v_\0\0F\0\0NȄaP`δ꫚7o^4{7o̙ndޗɽ\0\0p\"X\0\0Lth-[H:\nFpHѼ#A!aF[lv\0\0|,\0\0p\\;͞=[bB1s_~MS^^ٳg\0#\0\0eKeYMg&\Z8pzǇ\r4}YzKjhhD(\n\0\0N\0\0\0i@6m҆\rOho߾ڵkk׮ׯ_\nWL\r6hӦMl,\0\0`\0c}_mJf͢LҧO2ʹ0էO&|׬YTUU%۶\0\0q`\0c2ݻ5gΜ(\\ 9,uE={ԴMY={T^^-rI=̙ݻw79\0\0p$,\0\0p]zjIBB0Ï`IR5l0[k***\0\0\0\0\0%C9-\\PAհaԽ{wImM><OǏ?нpBq5\0\0pLX\0\0(]pÆ\r={v.mСի$59OAu]mٲE<XٳgkÆ\r,\0\0pLX\0\0,ڵke˖&EhjĈҥK4*Ca,;zꩧyf*ömmٲEk׮\0i\0\04\\|h9mrGEʶm׿+++ʫ0l:x\\\\\0`\0&̀yiٲezG0K^^\n\n\nc&[b/hɒ%bJ$2ae˖i޼yr\0\0D\0\00ŋak!\Zm̘1ܹs+Wԧ>hF8\'`6ذa/^\0\0HF\0\0$\rl֞={vZa(۶	ʶm3F<OYYYZdnvmڴ)\\݉%ck׮՞={k;\0\0``\0&0[o͛7K}HաCB}K_v#:yۼyz-\0\08\n\0\0h¶m͞=[%%%m[zIikȑ֭ϟo}[Zrb)}_mDgfK\0\0p\0\0@$CjժU̿:,}zo|C:t``qZJC\0\0\0\0,KA_VYY$fmSNڲexRCCC̽VVV_~YAȲ,*\0\0$,\0\0ACCf͚HbՑL8,?y{D2ځ4k֬(\0\0\0\0v\'I%%%Zh XG0a:p8 |xlێ/-[hJJJ$]0\0$,\0\0=`h޼y0.O&rGA}	sSUUy橦\0\0\0H\"\03Jyy{8W\'fv\Z<Qb|W޽/Y={>{NQX\0\07\0\0h@r˲k.-]$}XU}_ӷm=֭$u_c}_K.ծ]*,\0\07,\0\0ڱ0庮NIׯoWAArrr$Ѣy,&P:T<뺜/\0\09,\0\01Ӳn:k)^Ma޽{Ӄ>0#GthBkuI\0\0\0v̄6m҂8$΄:ޫW/?֝wީ jˋ>M{q-X@6mD\0@{S\0\0iy^,ˊvӧK3fP,k9R]vy/_*\0h\0\0h̼5kwam[m}\r8P[oUYYY<Ç@։wњ5k?\0h\0\0hЦuL\Z:tӟ0«eĈvI\n\0\0$,\0\0-˲РUVZX,K8&T	@Cտۿ鮻yQ<PhأG\'T]]UV5\0\01,\0\0Sb۶~m_^COG\nPc={\':Vu~ɲ,O(s\\~~R\0@C\0@;#\n|Oj2	GAyW|yGu\\~x5\0\0 \0\0hG+IŋǏ)gvPC~3p\rrC<ٶݻ+;;Vق P,S<ŋU__/I\0\"\0}_-Ν;%JmpĈzu\r7(EԱA e˖WEEl&ܹs-ZD \0\0\0\0툩m[=<(PeN̄Mk̘1~onb\\9+Wל9s yNܛs=T\0о`\0UTTh\n$$\"8vX>O 8,K֭ӿۿiٲm[0e۶pBUTTzI\0\0 \0\0h\'L~mHI,KAhztpAieպuկ~UZ`IRII~maH\0\0@;C\0@;a8p@JF0Tǎo~Sr|L˗Taaa8Ɯ+:p@\0\0#\00AeeezWy^TY3GmzΎohA ˲y^yI\\\0О`\0x<˗G\0N,yw#Fk׮\n\rz,-X@wokpjʴ|rq\0hGx\0}_mDj`β,\r<Xm<fAuxb}{Ӽyd۶\\%hi&eW_UIIlf\0\0\0\0iڼyz.&aCsQP,y_<ϟ/qd۶<KۦzK7oD!\0\0\0\0퀩TYn0?9e\n0fa(˲/_x@ov#U0eYڻw֭[U\0\0h ڴi-ZdJIR޽յkWYuT	,Y_/n-mѢEڴi\0\0X\0\0qA(C-[Lo\Z5J]tt{ccb|M}k_ҥK}9m`*ϟe˖\0N\0@g/_u]`*˲4z(m;m0;;[]K,iu\'b0ԨQ80庮<˗*\0\0=X\0\0qeiӦMZfM,ȑ#/IQ뺚7oiQEՇYYY<O}գ>0i͚5ڴi\0v\0\06)mk֬YZ~,˒)^Yf0H\Z=z:t d۶y=#ZdIᇵٶx<>}_hM>	r5kVtި,\0rS\0\0\0в|?O߿_`\"u5tajɒ%җ5kqo|C_җ亮/q. C9|ߗ8^\0\0hAg>\0\0 3Z֮]-[HIAM*\r\Z.]Ȳ,9{Z2 \\,?ԗ%eeeɶmu]t\'aTue]Vؠ\0\06\0\06ȼ}_fݻ%N	ѣ9{l=Q`\"}xZ,$uA/~V999Q@cF1ݻ5k֬|`\06`\0ІaYf6S`BX,#Go߾zW裏FW\'4egg+H(??_?O|F:tPM~ƨQ}4k,+\0\08,\0\0>֬YbA@)0!R^^.͜9S?֮]{һ\rfggQ}?[Qxe*4n8481Ff͚r\00\06&9:͜9SuuuqAu^IͼrG\Z0`__c^<*s̽>rHuؑ\0\0AT`\0Ƙ75kǇ3O~G-\':z}C>D_g«ϯѢE N\\z͚5KM\0\0\06ĴUa\"\\R!UUUѮvsssH_ʄY_}UWW˶m攝W\\&\0\0v`\0І֩R͝;7:Λ3s2qYN:w>Oq&!^BjhB+*N];wJKKٰ\0\06\0\06T	ܹS3gΌ`lnݺWf̘X,dAQ^?j{{̙ڹs0$\0!\0\r1U@6mRQQH+0\r8PO=>O7	yo{L[nU,#`leH6meYq\0!\0@몬LK,o?/+^]Ն\rOhҥʒyڔ dE;F\0\0\06´L?,ˢ~;c6heY:p{1r]a׻+I\0І`\0F dʕZn-TK.O~;3jL$EǫOj֬YQpEҼѺu7	\0h;\0\0h#gϞ;Z	]wݥ.LU\0ٶ:y˲,«`+WjϞ=J\0\0@s!\0@oϙ:m[r]7:LEUEI:<*Ξ=[=\Z\Z\ZҺӜsuUPPJkq$sϿz35\0\0\0>\0\0m@m[Ν;J?yyy0arss%o%^޽{裏_W,S<>\'H(iܹwB+\\M<Y;w>*Kgu]ܹSϗmv\0\0pbX\0\0H$2f	t4eu5+:5YYYڰa{1-]TJ$J$֒%KkƍRضݻWNcq%	_^Kr\0\0@3Ɍ\'\0\0pLEʲ,͙3G;v쐔9O>\'?rեxU\'/+\'\'G/ַ-mݺUXLXLzGdegg7Jw*//\'?IO2&5;4gΜvB\0\02\0\0mܹsgϞh>S&4h>򑏨^IJ6#q9y_TUUzHϏ*29DBuuuG>xU۳gΝ\0\0fB\0@2s$iϞ=Zl `ٶD\"!uuEk׮󯎔pB}_}d{&\\#UUUG6mZt205l2ٳG\0@K\0\0pLxCC̙&ӝ8,KcǎՍ7ިx<JIJT_|QM>)LHUYYx<nAcƌeYFhr͙3G\r\r\rM\0C\0@}_aQ=\\4;*SR?^cƌQ]]]FV`qDaF羲R:s4~&Kw5PWW{N\n0cf\0`\0LeYڹs}]y\'۶3\",K﫠@&M뺪L	JŶh;s4qD6Aȶmyw}W;weY\02\n\0v,9F-\\PՒ2\'m[kԩjjjRfAF&C)C]z:~ƄsP]]Q㴉k\0@{O \0\0	\nsNQio/Bs9$J&u̹Pղ,K&M_╝\ZZm[/v)I\0\0\0`;wTaaaf=S ԳgOM0Ay2fA&N	Iͽ\n\0\0\0d&,\0\02Lbŋ>hhY\Z3Fҡ߉\0+a(\Z3f&0%qŪV,˘\0\0F\0@1o7nܨ_=:IOԿI2whu7fT|?ڸqk\0\0X\0\0d dYVZ˗qT/X0eYc*I:4*\\I>Pb:,\r<ɵhZj,\"\0 `\0aQMMV^ڌάӲ,zٳg$&RJ$џ{[n%tjժɘ\0\0O\0\0@ҡq-[L,ʸ]rssu׫k׮Qy-iƴuz@7x:t՝\ZeY}]-[Lp\0a\0\0 Mb\naoē:KǏ$qIʌ]ړ(2jĉ\Z5jP3+Vh1\0\09\0\0 e)HW<WvvvF7-[ݺu7߬IwK$Np4Bh,.nI]vhPيzH$2\"x\0\0`\0LH,X&ӝ	?uO}SGP23OF5Heqt[n2g`5\0\02Lf<q\0\0Ι7ٶmk̙ڱc,ˊcҙit]WǏ׀]ZSrh!Chܸqr\'c=ϓeYڱcfΜos\0\0d,\0\02	tRqA}8u믿I`pw!0Ե^޽{\n@㨶VK.L\0\0\0\0\0iTAEi޽,+cxu;VW\\q1?\0+BxdUW]:KR޽{h\"ApT5 \0\0HO\0@;f\Z\Z\Z4sL+Ì2m\Z?~;98<OUUU\\*BFAsΑm\0A0U^^3g!:\0\0\0\0i΄՚3g\Z\Z\Zd۶|O>5aM>=:vD\"ϙE羲X\Z^|\Z7n\\ƴu644hΜ9Q\0\0/4\0\0hܞx<wyG|̙cs.BM>=:M*Z\Z444s+4m4atw;(g<9\0\0ڳx\0\02UVeeez嗣?gJHդI{T՘	R<|0Ǐ:n*:vɓ\'+\'\'\'c }_/ʢ?\0E\0@,K%%%*,,|{X`0ujLӗ	UaƏI&E7+k\'C$\0\0\0\0H[-+Hhڵ*))v$anЈ#i1Ԥj&\\<rX8\nP#F\r7ܐ1U\rJJJvZ%\ZF\0@{D\0@2o߮sf\\p%IYYYԩS\'ywT	\rҗ6Ǻv)//OӦMS,9ҡ kܹھ};s\0\0HsX\0\0)֯__=:	:l֍7ި49nߣ\0+UWW+HDUK58p(dMɿ믿+C`\0\0vʴY5kMҙeYQq뭷o߾tM4VSSc~Uӌ3dvf\ZYE\0C\0@\Z26nܨe˖E2A\nPԩS8|?nHV\ZVCCA뺺袋Էo_a1xYl6n,\0\0\0\0ik뭷dٶ	\0rrrtUW{\n\0Vz;Qi+P=z_&Ym[K,[ou6I\0\0\0vȲ,%	XB|AƴuS\\׍ZXDu]}ӟV~~~t<8>@+Vf}\0C\0@\Z2֭f\neBe4h.b;JJwQu{ܛXL^zi4?W˲nݺ\0\0\0 $;w6mڔ19#󔟟}cr]!Vf`XLW_}y^FTa>7mڤsF3!\0=!\0 MLfLeYn餿\0 v7|/++Saaa\0\0\0\04aڙ ʕ+u֌m:,;6\Z:B-J_555\'s иqtYgEfL)֭[rh݄\0\0\"\00O9sJKKOge}[ӦMd\r\r\rmL֞p֑bN={fLe^c9sf\"\0\0HX\0\0z͝;WUUUQ0L\\+│wEIn!0+Ԕ)SAFT/˲TUUs窾>K\0\0GH\'\n\0\0*6nܨK:4W*Sژlɓ5|(8{q`!˲Bx2F\Zs=7#+нhu_^7nl\0\0O\0\0qbJ/Dt<xÇkĉ\r\r\r\'xٶ~,&My^K-YZ\"/Ufk\0\0\040ԁK/ECӽÄNeꫯy\'I\'\\wISӞ{-kꫯk/803\0\'E\0\0R,C+˲qFm޼Y2b40ue{J$\'F@yC\\m!DBz_U0e½l~͛7kƍ,K\0h\0\0H13z뭷2eɲ,?^F:̈́\\uuu?hLxUT&\Z5j:묌@o8 ۶35	\0@[YO\0\0AEiӦM={vƼ7P~USLhBƓ7@toϞ=[6m$\0H\0@gvܸqccTtAW^ya@V__w2ٽk׮+-)s`I^:\0 \0  PVVۧŋ|öhK.D\rtx7œaYjjjT[[ےKE3Umm)][Su5tP]xᅒQMZŋk߾}ʢ\0#\0 0TZt-Z9ݙV<͘1C]tird1+%jt3f(??_Pjuh\"-]4c^\0\0eX\0\0i[l2⍲)((?q\r?\0uuu\\)gb1|Q	Xa*X˖-ˈA\0h\0\0H!۶g]Veě{˲:t.@ݻw?uIeZߙTY^ziʔ)ɘ6B˲y֮]={d\0z\0\0*&\0 l֛oիWKRF1V{\'?3Z3Vf8n6vL%s_^Zo&\0\0)\0\0@r˛o;vDMb>}ztjBZOr7eYK5lذΦRlǎz7㙲~\0\0\Z,\0\0R/--2aib:չsgIgy**2C}}i]Q]vy\'q2]UaJʌ^\0\0EX\0\02Ӛ^yݻWafD8\nP\'OUW]?7XL{㪫ɓaFF0޽{+4y\0E\0@+0J9sJKKeYVF)6aĹ瞫Svˣt>kd.\"M<Y2bT,K9s_\0\0z\06ƶmY۷kŊ}_m}eftu]&LPvvtg+uSք	Եk׌؍0ٶ-b\nm߾]eeD\0@[߾\0\0\"SРBUTTȲ#oAiӦ.PgFqϔ߿jVO۶.3kmYQQB544dL$\0\0m	\0\0ȼi/D\"03ͼ$]~\Z5jTX<4f۶\Z\Z\ZθXG֕W^Lky+C%	\0\"\0\0)w^-\\0ڍ-Sfh	m[D+LU	7~̵9\n,˲H$4i$5\n[a<-\\P{M\0\0h\0\0h%+FS<t;0u7kС,v3aUr\\eg*$h4СCuM7E+S^x\\SMMbUX\0\0\"\0h%i3gNt<+ÅnI}Ug`p@z1V}}/q맛n):?5:gm߾=Z\0tX\0\0\"˲TTTKF@:XѲ,=Zcǎ803()A{gMsf\'KqtgkH˜۶tRz\0h\0\0hau]UUUiŊg<OGYYY馛ԭ[7IS1H$\0/qpG,:XBUUUr]\0VO\n\0\0d8e۶֮]yevVtY7|:v,aeY& x<:cǎ1c:u$)Õbڵke6m\0\0,\0\0Z	/_{/#,˲lȑ#5~xٶ,U8&2\\g466Y&OÇG=2{ｧ˗G\0\0@#\08#rJ566uT/CYWݺuӌ3g2$O\"H\r\r\ri|qt- \nҝjllʕ+y^\0\0S\0\0meYz뭷j*IR)^чsGeo߾\'>U%S]],-ihYXG?m[\'Էo_YayZJoVW\0V`\0Ђ̛|˲C֭ˈ9e)HH&LKj,iB;ds9\nP} d٭[N?r\0в\0\0hUUUZr!̴<XW]uUXH_^㪪jqWj\n 08ʕ+[\0\0\0\0h!JK.նmdYVWH\'NK/4jjε`eKA+ĉ%)#`m۴tX\0\0dB\0\0 C%}饗TRR\"I</UK:iA(sQ~ZdfW,x<ެs9GfĽ`^%%%z饗㙰v\0\02\0\0-VojkkּtfY<5mڴXs03o{s1ִitg+H}iuL~m\0E\0@@m<͛7O|AtLuE)ib{fiB[]t.Ҍi5>͛7Oɶ\0TX\0\0 jjj/G+ԄalM2E:th,\nXnY:uꤩSf&R]]_~Y555\nÐ\0\0B\0@,Kzעt~sR]p\Z;vlj%	Iw-Bl̘1:{1+ eYJ$zT^^\0 `\0L`<ˣ홲KY1ci	b%vk,˒-B(I*\r<XzkZF.%%%Z|8m\0\0\0hf˶m߿_/b4;vԴiԹsg߬U%i#9dl\n,uEӦMSnnnb۶^|E߿_mT/	\06\'\0\0&ٱc\njtm;\n*z\'XKE0$S*ګXy͒cX{2]s\ncǎ&\0@I\'\0\02PbUVTR4&$ь3ԣGI_T444u-3֣̽G͘1C999Hn#,--ժU$IX,_\0\0d\",\0\0ڸq,XO7K/TDCmV\'HDJsKu]]qٳ!Q:J~m/X@7n$`\0\0\0hFffԊ+of|\'3tSN+\"?\'~UU<;8ғFEUX-YUXPP+B;v6EHw7Ԋ+^\0\0\0\0\0Ķm%	]Veee[:\Zq\\{eee`!sxwܡI1߶miڵJ$\0 7+\0\0u]m޼Y~4:ݙ5:TSLl۪B%b;J9qthȐ!2Jyf%\0Ц`\0L̛yiʕ\n0|]qQHKaBa[Zgb1]~ܹsFT4A0rJ͛7O6\0\0)\0\0@/>2Vg}%̛#,d`}mYZ}ْҿ0b1߿_/Nr\0\0hs\0\08CU˗/ז-[RScqiܸq*adU*\\#UYY$ln}_&Lиq[lˣ?s\0p\0\08CͩeY3g%)g<Y%4`\0wyrUB*2j@u]wyׯ<K˼拋5gΜhX\0\09,\0\0ΐyy\nUQQ!q2}0]xᅺ+A\n@UUUih1˰m[A+ԩSAF:\nF!mo\0\0d,\0\0@,KAhݺuڼy,˒8i_uavM2eت[.~дծY\Z<xNd*èqZn]G\0\0G\00o^x(Ìh}_C[R$ynRuuD,D\"$j@Ʉ>aj	\Z4hPFTy0USS^x!=|\0 `\0p̛Қ\Z͞=[Mرc`S97Ľj:K7pCt<[̹ٳUSS8\0\08=X\0\0<k׮Ն\r$)#Z={T\"h\0!jv8qyz}c3ϔi#\r6hڵs\0\0HgX\0\00eYCx<KPeE=\\\r6ժY*++7gǫjkgZ[	&ȶ赗,z\0C\0i2-p/N*]?OwGoif2kMӧn#\0˲/h߾}3\0\0HW7?\0\0iζmA͛7URNY[.]|D:u*Zs\r&IV]]ݪ!iԩ>яsΒ2uyfA\0oQ\0\0Nr]W?~4̮ۚnmkʔ)\Z6l0\0a֮,K+C1B&MtIUZZ*u\04`\0p\ZLڵkUXX`邂z뭊b,իB%wÒ[>m[e)++Kvv*I0(Fӹ\0tF\0Xv6m$uSe¢^z馛nR,kT h>究VRfp{,-ܢ=zDӝڴiS`\0ӓ\0f0뺪ƍ3¶my:hԩQKkA:ԂFRڽ{wM2E</#B qFUTTu]\0\0NC\0@	PeH1ɴZ\r0@7tS7%4t\\PiF(Eqq2\0\0#,\0\0NӺuqFaUXaj̘1袋R8_8 R\ZBaK.DG¡t0ƍnݺT/\0E\0)2EEEڵkWڷ0]ܲ5i$ECk<Oϧ%sYEgvkkh0UPP\'*;;w<mk׮]ڲe${\0\0NGz?q\0/I0te۶ 矯/<U+3+Åa(jm/ɓ~Zff$})^\r\0\0+}\0 566Jj*SeO:U\\pAJ*VL`yV@<ORWY tkԩ7BD\"\0\0o{\0\0X*PNy֭&N(qR\Z\0\"mQ\nAqM4I]vMZNE;\0tD\0)2Kx\\R0fe/֤I$ZŜ#ZۆTJf\'N/ɽ2%h\0 `\0pR\Z\r2$L2م0a8\n@C5\\Z/S\0@:\"\07=z}lwM&LPVVVwl}_T`e0Bv8fNNNJGug\0\0N\0\0O>СDڵ.*0u뭷M&Y0Lyt^߿f̘#^e<wީ^\0\0\0\0Sd 7zCoCoohrYJ$M#s$)Q}7Z#y-+m}\0@&H\0\0Yg#Gʶ{CjcjܸqQUywd.`+8qF)нNG˲d۶FcF\0\0!\0ѣGkҤIiTnP~~~j<UWWz8Cu]͕^UXe)M8QGyi\0\02E\0@}_:tиq㔗4aYC0MyH2pRa۶0뺺;ԭ[htqƩCi\0IR$\0@rGajĉKͼt\r}օ^cFoS>Nz8-ZUWW=o!q4n8M6-[Ph{饗jĉZ\0K\00Mѣu-u]Im8 А!CtwGR.#nqp566FVCH ^C)̺bf̘ѣGKJF\n\0\0d*,\0\0N%I_|ڨ\Z$ULrEɓueEkIuy\0̖|%WҥR=~UWiG}%W=x㍺K$))\0\0\0\08Mi׿X,&۶SֺyO~Xe͛esNjjjR4s-MXj~W/XD\"LZrss]H0\0\02\0\0Ʉ2mkʔ)7)P+S,kյ8#5x`{ｚ8qbZ(Ԥ*-9J9XRzy=\\{\Z8p`JB,/uo[{nhK\0@&J\'\0\02iۋbzuwu]yV&}_{\ZVeY}?\n=AZgm}]wuAbFxx<w}\r<\0\03`aݻ[nIg۶`cǎ{t]w)???oZێZ%	ISMgv>9}_PǎS-0Ar<W,\'>	=ܹsڜ\0\02]j\0\0І}\r6Lַ^uFӜod-ˊvڵrssy^0\Z\ZކTVVQ٩^Jf\\>}LzgU^^.e^a}uIӧs\0\0hFf\0`fĉV?pFUGzGD\n e555ڿW.ݪ\\UС~iz)gv=\'\'G>[#GTW\0\04#,\0\0ysܭ[7=#z饗tgGbr]7j;=)Eo}7߬3g+_JƼ?xnݚՠlݺU\Z0$&x͜9S7||ߗ&}-ڶ-qn*q饗^C=&?\0\04O\0\0&յ^kz;4ܬc47A(HDC%+wܡ/XC>/]0\'XEEEGGHfQTbM6M}\r7ܠg}Vof5$ϹM^[nE_|Əkq\0E\0@33o\\=ϓ\Z?~Əɓ\'kZb6nܨ\"}YgI&E{90[0TPIII4h˶mڵKMWfgBI\Z2d1chZb}mذ^\Z6lFK.є)S3\n\0C\0@1sxL5m4M6M;vB\r6T\r\r\r}_DBacǎSn4x`{袋+e3*]+˲dYJKK,R]]ʢQJ$m[?|˵sNJ,+j1Q^4vX3F\'NT޽%)z\'\0G\0@m[YYY\nPI\r\ZAEР\n566VAw޽{eZLx\\וڻwo8ye$\ZVaZ__HbG?Q}>Jmԩf^ώD5\0\0C\0@+,+д[Ύ90ٙ*L{l֞={{o7PwցԳgόɯEIGݓ;wV.]|\\:<Y\'\0\0m]z\0\00ʶFSٱ0]ݻWvJ2LLk.ݻɱLac^3\0@&\"\0 MJL\r.{%_ג&ڂ:\0-\04:;v߱=۱cGL%ܧ\0\0*\0\0@+))QMMMFqGQV6\0\0F\0\0ZeY\nP|,ˊvCf3Ka}z9\0\0 \0\0-ƶmUUUBmjhh\0\0(,\0\0b,ҶmTVV&m\rn̵<pm&\0\04\0\0@Kmۦң#kYVVm۶u\0\09`\0}v8p@F[\\}.\0\0yX\0\0ńa۷BeS]beYYoN8	\0\0Z\0\0h1eiǎnQCCv!˲R\0\0І`\0/PAN\\ו$ݻ:\0\0Т\0\0@\n0)**RMMMtmڽ{CUw\\k\0\0\0\0@P[lQmmmg-j˖-\\c\0\0b\0\0@2!FT`q4	\0\0`\0feU\\\\XHj{5Qqqqg,\0\0\0\0@,K[lQCC;Եquuu***J2\0\0@F\0\0Zںu0d6\\ T\\\\,S$\0\0F`\0fluAILV%_}R\0\0͎\0\0\040j˖-J$qM&	mٲEd63\0\0@\"\0\0ƄڼysRFvky6oLh	\0\0Z\0\0h6&hhhPQQaF;\\UTT\0\0EX\0\05448\nyb544H\"\0\0͋\0\0\04M6Es3.sm}צM8\0\0@s \0\0Ƅ*..m/IEEET`\0A\0\0ErGgϞ}Єh5%ډ\0\04,\0\0,Lب-[z9Hm۶<9C\0\0\r\0\0hfUUUU>(J$_㢢\"UWW:\n\0\0\0\0hVھ}{ٶm***$^\0C\0\0	+***h!lǊUYY)\0\0\04,\0\0,LaEEm\r&h֭[\0\0͎\0\0\04rUUU`;d۶߯rIX\0\0`\03b$i޽)^M3am͕)^Qa}I;\0fC\0\0Xm[ڹsgt0VNNFAE^{D3|ݪ%\0\0͆\0\0\04{jݩ^Fjĉ\Z?~rrr$jovڥ\0\0D\0\0ٿLP:Kg}:tUݻ6B*\0\0@sh\Z\0\0@1!EIIvؑմ>۶rrr4aUTTDX\niǎX\0\0Y`\03fB}D$:sTQQU`B3mΝ*))\0\0),\0\0pƒ0n	,ˊ~]{ڵ:u$˲]8J$Q\0\0@sh?I\0\0uU__RIƲ,y\'u5l0Y%u5p@aD\"ѮB,󻖖*vU\0\0ZO\0\0ٶ}EV)^Q1Xyyy\Z=z0T\Z5jrssA\nR`\0f\0\0h۷oĄS={ã#Gwޒ,^j֭2\0\0ͯ<M\0c}_$u]cƌ\Z5Jݺuk9큹ڵkWW\0\0\n,\0\0pڒ\Z`=zD-ҡ\0Gg~m߾\0\0\0\0\0\00}vuvVߵwrG}\0˶mUTTh^\0\0\0-\0\0\06Xa(qMhaYrss5px,K8j\'0s׮]M\0\0E\0\0NKrHUVV-&E}ѠA$j)4mVNw-//Wuuut\0\0`\03qFH:]{2hР(J6p@\r<b&֭[S\Z\0\0`\03u֨Ҧ=U٘JDAeY!ChM>=0@uuR\Z\0\0`\0ӒTmٲEUUUGoL(5p@GG0ԠAX)2UxUUUMto\0\0E\0\0H*..VeeRߵ$$Ţ\nĜ*mٲ]\0\0e`\0bB	۶qv5+u]z:c[꼄a(۶ǵe˖&Ui\0\0\0\0\0\0^eeX[Ȍ1B={7gϞ\Z4hP`VB`IҞ={ }\0\0eL\0\0Ь0eY\nP[nhĈQVre={j)Y[*߿VvtP\0\0N\0\08e&}_[lQ\"hr=1bz!i{ְaRT2B\"ЦM\nx\0\03G\0\0N	!̌`uܹjݻkȑZ^y&\0\0N\0\08e&hllԦM]8a~O˲4p@Iv <˜\\ǵyf56669\0\0p*\0\0)KUVrH5|pu帟kGAAzk̏\"\0\0g\0\0\02Bx͛77֙ɲ,7N:utͱN:i̘1MK\'6m$\0\0\0\0\0\02q$IPYY$m[G*`sҹsg;Ӗw߾}\0\0<S\0\08caqAvH$WQ;6:y0Ǻt颱cǶsۻȲϽml0QABCPD	AAA\"\rbabEDE *nwݮuֹ]qw.׹ߏԙsoQn=߱\ndQ\"\n\0\02,\0\0JŢ$Hsss\r#|䤒HuuueXq	JF.il\0E\0\0^\rf/1{\'ZEFGGJnnL6!(\0\0e`\0WbOXqŢ<S:TT566jttTp]iY\Z`%\0\0W\0\0\0>hff¸lTSS騙GQAr٨;\0\0\"\0\04Z__l*^%0JirrR^~j˖upp -\0\0	\0\01[uwK5\rjkk5==D\"!rXDBSSSUy\'\'\'ݕ\0\0\0\04c+=geXq	qJsiiIƘh%\0\0e`\0K[6668Eѡ{I𰚚8(]ڒyX3\0\0`\0KËVx0L&5>>aO\"냵MI=\0ՉS\0\0x#6t܌eeQKKte]KjjjIKKKؐD\0\0^\r\0\04:lmmiee%VD6ljoo\n	gx9mmmI$B\0\0j	\0\0	uwk޽+)^VzI\0\0U`\0K}_mllX0Z444UXXha\0\09,\0\0piDBؐ1&V}얷nAZnQkkktaB^666txxD\"Q)\0*B\0\0.6Z__/s*\njhhࠂ ylB,V׵5\0\0,\0\0Jcw\r[zzz4<<HА:;;cu]+;\0\09,\0\0J&)>߯7~A\rH6\n\n\0\0T,\0\0J\'P!SooFFF8S___{ǁyrO\0\0f\0\0+Y]]UPP2Tn\rޮ0_{aXT__z{{u%	jyy96\r\0\0\0\0|>JOjIR^BAADGO{%\0\0e`\0dӲ8(\nRww$EA̛Qcc\nWkӧZZZⴖ\0\0!\0\0V\Z`ť522Xo͆_\Z\Z\ZUxS\Z`r\n\0\0T,\0\0JXU`U0٩~\0\0\"\0\0bܜ<yR84::Nc$H,+XO<|g\0\0	\0\0furr\"bQec4<<>в\'jtt4v<*͖\0\0|,\0\0p)-,,HD,z``4Ǯ+c\0\0\0\0\0|(cLt|eeE)\rZ[[/{߽{W[Azg!UX\0\0`\0eCbYԔZZZ$=?EMؠEL߯صszz6B\0\0piX\0\0CPP(hffFgggeqy޵U`577+8_yUʮs̨P(TxF\0\0\Z`\0fuzzZ[ie䤚l}V.NOO˪\0\0\0>OI\0\0ൕV`Ʋ}MLLD믪ZMNN~ZgggfQV\0\0<,\0\0^0,w{S4\Z\Z\Z>e\Z|8\\;\0\0x}X\0\0CٰH |WXVMMhUd1FAHl,\0\0#\0\0/U\Z4,,,ĪW\rRJƯwuqkuuUR<Q\0\0\0\0Kنggg8ZmUSSsmq[5d|ߏ\0\0\0\0\0=-H\\.zԔĵ}V**pal6cIG\0\0\0xerl*[tXvfi81(0z\r\0\02X\0\0lpppٲm_.</6T[[on,I\ZPkk$T0`\0E\0\0^ʆ8]<SJR*.G\'\nl#=\0\0\0/#\0\0\n84QKK2̍}n&QKK$sv̭-^\0D\0\0.0(LJOF`Ν;QUTu|,sε}me<S\0\0\0\0bQk_΍QKK/_L&Syt|| bu%\0\0<,\0\0677c`ݹsG}}}7###¸U`-..jcc#z\r\0\0<\0K!vYp!Cy%	IwݥVϻ#)~\0\0.\0\0\0\\`q`}\n566jllF>4Q\"K{~~^\0\0,,\0\0p\r64LI\ZUwwl#@ڒ$z`\0Ǔ\0\0x%6<܌\Zǁ\rzzz4<<|?<<޲}aX\0\0\0/Q\0\0pi%	j}}=6A,L<O\ZlQVxuy%	\0\0\0immMkkk2*P0ƨ[\n>7Cuvvn]_kkkގvU\0\0jd\0\0^?~,)>vɞcnSJ${nsmmM\r\0\0\0\0@(jmmluBAy7}|ss\n}v%ٵ(z\0\0G\0\0^*nX6@\Z\Z6\0kddDƘX+\rVVV*<\0\0p[`\02\'NNNbT4DVOOFFFns+\Z\\\0\0C\0\0حs[[[ڞihhH7^e?k``@CCC 1&v^\0#\0\0e|Ύ*=gjjjn*\njjjp,txx\0t\0\0\0$$I|J@x@aXU5l68x\0\0\0\0sssQ!BiXNz\'<ݽ{Wѽw}[]Wx6\0\06\"\0\0rX2$	\r499y_)v\n,\0\0`\0\0ICcIo!,nJӺ{bCVe2h<nXk\0\0@\"\0\0/<Osss*J$\n2nBkbb2(\n\0`\0\0IÓ#mooKR\ZQA0+0C%Ie2؄6uIr\0\0\\\0\0(8r:==]gS*mX$̣,\Z\0\0\0\0\0D!AXNNN]eD㕜yԔgߋHvjffk\0\0`\0HP̌%nLRV]]]x%ؠNJRe㮲fgga8\0\07,\0\0B!vXL&5==ڲJΩVJ&Maɉfff\0\0@,\0\0ajvvVe*\r&\'\'oESidnŜnBY\nq\0\0oX\0\0 R(477\nzx`^QOJEG}bSel6Ud\0`\0s68MIr?0</\nI*vs.;e밒\0\0\0\01WZ233U^bT*m399)֋aƥ\0\0|<,\0\0bҭ[=---^߆}MNNlua*T\0\0E\0@\0H=M!\0\0tX=q8\0\0/\0\0)E[\\\rlܬD!<Ԕ.+\rr\0@|`\0sT|Alz`Yt{ٞ(IjnnX,jff&\0\0 \0 lPrpp\nfxB ߯ *=U__lq8Z^^*\0\0\0\01c$imm->zHbOkjjX1\ZU2T>w1Dw||mI\0\0\0\0b tzzJOؐ[G<O^ܜŢ$UX\0\0\0\01f*Ux67Vtuui||<\ZMP\\&&&mimnnN;;;nO2\0\0PX\0\0Ę\rvvvP ydn}uO\\y,\0\0 \0\0X8uvv6uavuvvJrTڛq\0\0?n?\0dC=---Ŧ\'C%I`X,*uwwKҭۮyem\0\0׋\0\0\0h{{[\nSv®.E	o+;>P(^ m!\0\0F\0@L1Z[[tn%Rvn\ZlnƆ$N\0Ɠ\0\0\01H$UI3d!\rFvn\Z\Z\Z*s]+++W2\0\0/G\0@L0Ǳ<АzzzT,ou d688[=׫d?~\\6\0\0\0\0zY\r(HR)ϫN2^\0\0\0\0ǏkeeӸ1bQ1*Bb(cJbWeee%=\0\0@9,\0\0bkggG;ت%ct]yWǶ6:=Ylss-\0\0\0\0[[[SXUt:vIα]L&ad2mq\0\0`\0SLەʍ\0V+NWx67~7[[[Tr\0\0z\0\0@L(*ayd2jnn1*B\nt:]v-.krggGKKKU]\0S\0\0\01SM0iww¸놇?<OBAAhbb\"6ߕΝr\0\0 >\0\0EHr?<jmmT=y01FSKK$]-,,Tz\Z\0\0\0\0XT`*+[ol\Z/TWWXl#,BX\0\0J\"\0 u|| b`%	MNNl\Zع666jjjJDlEG*=\0\0PAX\0\0ʊgN\\(\Z555 ]d:*\0\0yj\0\0o+++:88]V\Z`MOO+J݋j`ö:MOO+LJr;*yk\0\0#\0 F~cfggu||\\6zHz_<e2Xl!ͣ#rجU\0\0P\0\0*fl#ICCCjf;w盛Gksfgg{\0\0o\0\0*r:<<Taef555zAtXdz*UUٓ.Y\0\0pO;\0\0-333:99)w\rz2$U|6m\0\0D\0@bQ\nP;FMMMU1U NSk8~>L`\0x!\0 Flx5I,466jzz;w555赫1\n@U\r\0xqi\0\01DAܜ+<W\ZVݽ{WWTKFGG(Z^ɉ%A\0\0P\0\0[^܊B 488TR*R__1*\nNX[_gff%\0 >y\0\0r||l6BP\\;U,ܬ	cU[[0B\\.\0\0@9,\0\0b?==l`PScccN<illL]]]kW5Z(4;;Ӳq\0\0>,\0\0b4Qe.ν{411Q\\	ݻwO%)C`\0C>\0\02ɉfff$>B6P:}Us1F(w1F=b!\0\01D\0@@CI6T*ra}XT[[[,\'OHr?\0\0`\0A(C-,,Tz*7<\n֪߹Æ:</6܍1ZZZ1FD¹\0\0\0\01P,y*=S,ݭ<[}400wTI+ة\0\0|4,\0\0bVj~~¸lq}\r<ݿ_kWy^\0\0\"\0 T`0g``@/sAg377=Ir\0\0pX\0\0Ā\r<yR`\\R\Z*\nj-w2{QZfQ\Z\0\0`\0cmllD\'A__M=S>WMMMTkyyYO<5\0\0p_|^\0){Zy؈͖0uuvv:tkRmmmlB1-\0\0(G\0@$	jeeũ*byUg:::\0<*+HTz:\0\0$\0\0cy׵|Ji@766㮰t=2huuU[[[}5\r\0\0\0\0pq1׍\"Xgs3]^^Ǐ\0\0\0\0p\\iRܬ	577X,:4ln%`\0=\02Ǐ|k鷋X+KRl*E*\0\0,\0\0goll(+LVxFק4\Z\Z\ZRKKKgs3l6ݻwOg.2(HPW\0\0\0\0@bQ[[[<`Cz`y^>hkkhhP:.\n@\0\0ϸ4\0\0$=-cbQ鴚$kkllae@\0\0\'\0\09mnnJr_\rs|Ԕ\Z]T\Z`MMM*ܜ/\0\0x\'\0\0b4Z\\\\=\\d 499T*t?(|dT5۵N\0\0,\0\0b`aa!X6kjjrB<\nIĄM-=ommX.m\0\0\0\0\0cO}g{㪭n^sssEg;[UEg4\0\0x\0\0\0GF0H$o8*:9==d2Ic\nN\0\0Ot\0\0ɉvvv$y&V_\r\r\r}ߗyy\0\0\0\0*f:::0\ZijjJDle\Zɤ2]d1FZZZz]^\0\0\0\03hvvVkWٰ^SSSe[(]B`}Ү僃:\0\0\0\0NzP\\S]nd^T]\0[\0\0poQ.Aٸk<ϋԏ\"0khhH睽v-+:\03X\0\08<@ZZZ411]k5(N^gSrh5\0@ܹD\0@0L2(\nmooxyh}c4??0+=\0\0p\0\0p1&\n-?~mtK499YT^:V[[$w겝mmmIrq=\0\0q\0`c#hU6hooh;`ItvP\0@`\04U:\"{m]]]J&ΞxbQmmmwxXz${&\0\0qF\0c3:_yuh,XDX(4;;Xu\0\0\0\0\0G)\"2ƨKCCCέ144{E4f:==\0\0u!\01vT>|PE@TbY7\0,\0\0cmZ6~\rK~{###+sEWx6\0\0`\0c $---P(TxF}}}RPp:cc`ǒ 8\0 \0\0p1FTlӹ6aMN٦TJXdY`\0 ,\0\0b{<}T\\.\Zw|w$\'n;ꕮl6I\05X\0\08*<aȈ:;;%=og6cɓ\'m\0#\0\0pHi5;;[ܜ(yѡ\nr9Wz\Z\0\0\Z`\0[ispphjTy1uvvCG]5??B\0\0E\0Clޞ,gؘa,x\'c566V\\+z]UxF\0\0:`\0c$U_Bga$ihh³~ʊ$)H8Yy\0@\\`\0c|+=kU\ZXx{֦nIrveiP\'O(,\0\0B\0#u+J_MOOlEsstlҒ677%\r\0\"\016*{t:U``x`555)8`ٵ1\0\0Px\0ԵM-,,8XXL\n(d2]5??U`\0\0w`\0[m-AP]L&d2b|8*I*wUZ[[\0\0`\0L.oݻw+_\n$iddDuuu@b\0\0\0d\0@$	i}}]?}ߏ&\'\'USS#ʢeICC$#PPp\n\0!\0iuulRSSi%ɲq<gI2Ž*FJ\0C\0\0p⢶$`Yuuud2JR\reDi599m#tu{\0\0\0w\0@L-//G[]aXpTJTnƆVVV*=\r\0\0p\0\0pZ\\\\vtlUWWt:\"{O Ԕ/r\0\0\0\0*W}iiI\n\\GG:::$)jrEFFFR]/c \0@u#\0ʕ7tU(H$N+=yFGG%I|>X%	IǏqM\0\0{O.\0\0Ĉ\r<ښ>}Z6\Zjrr2\Z\'L&&I߳Ojgg\'NW\0\0 .\0\0pܜ$c݆wxgSJt:.[&9\0\0`\0XlO&Qkk$w,\0\0\0`\0PJy_wIi`J|(rk_\r\0\0*n>\0\0CW`R2,˕sNtrzxu\0@u#\0{{{\'Q}ΜwgggzI\0\0\0\0899ncG###M\ZQOO$7X,³\0\0WŽ\0\0bTzzz444{588X;[\0\0\0\0&;!GͺqybQ\Z\Z\Z1FATzJV٪D\0\0P\0\0bAygr1JR֝;waTu0TwwAg)\0\0 N\0\0pD}}gA\n&\'\'o;{7wyGn\\CCCg\0\0\n\0\0U4p<[o<\'_ y~m}uvcL&]\0\0+\0\0*N\\&l(S?SjkkS>\'z\r+ϫKdS__\0\0\0@+\r2~^}3Çx=OOF!kAVCC:;;׮]\0\0qC\0#:c}MWJ$VJ$\nP?R)Az666jdd\0\0Wĝ[\0\0b:::Ţ$77{勇6 }?\n?_gAaݛzza\0\0O\0\0T1Tc488t:-Zp>F@Qo}K?<a 4==\0\0`\0ӟU(&a}k_SWWUJippP{(V+Cgg%\\\0\n,\0\0s?sz$U6d2Bv}+_ѯF!aձ<}_ooYa*LVxv^Ç~֩^\0\0]u>\00GܫyJ&7M}_V*ԜW[[׿u*+LV\Z￯vaX)\0+B\0C<ʯϫ_T}_|^7/}KjmmUPg+~w~G_u=y_5[\nɤ/~QaV!\0<Cm5\0\0ΰ3?f<O/-N/}ITJT`{o[$=?6>6S1d2۬\0\0C\0ClȐW]Iw/W\r\r\rz?/c0\n2Wy%	yۿ՟trr\"<,\rJt{{/RK*\0\0p\0\0\'ɝGGޖ\n<ݽ{W[o~jnnNCeGC󴽽o}[kߚʲkK__W*RX$\01X\0\08Ȇ@|^/~QMM\nBE6H{o|Cnt>c}ןɟ{g[\nmME5==Ч>)%IP\0\0E\01wٟAl\0ql`*=d}_//5<<l6;?Sl\\Kv_~~M_W^\0ۉ\0\0\0n_}տ;? ҪGC\r.y\nPaehhH>OwtG>BُcG?;|\"(U\ZhҰKBPܹ_g\Z$\r\08,\0\0W,ɤ$>??{O¦ب^jttT?3?__T[[[ټlp^\nAD[[[gۿrVWW+d2MNN>+m<\0\0E\0@LWvޞ?a@@GGGџ0k2(H(J)LV;ＣzKozzzyG==tIʊ~__zurrBsyyP(D[m_2TCCР>铟{=544Hz\0\0G\0@-vupp驎ttt+C[RWWەN蝹3m׋UimmMGi{{[ִT*UjjjR}}:::C}\'>(*L\0\0C\0\0\0\0\0[N\0\0\0\0\0\0\0\0\0\0\0\0p`\0\0\0\0\0V#\0\0\0\0\0F\0\0\0\0\0[\0\0\0\0\0\0\0\Z\0\0\0\0\0\0n5,\0\0\0\0\0\0jX\0\0\0\0\0\0?0(\0\0\0\0IENDB`',32768,0,'prueba','prueba');
/*!40000 ALTER TABLE `customer` ENABLE KEYS */;
UNLOCK TABLES;

--
-- Table structure for table `hibernate_sequences`
--

DROP TABLE IF EXISTS `hibernate_sequences`;
/*!40101 SET @saved_cs_client     = @@character_set_client */;
/*!40101 SET character_set_client = utf8 */;
CREATE TABLE `hibernate_sequences` (
  `sequence_name` varchar(255) DEFAULT NULL,
  `sequence_next_hi_value` int(11) DEFAULT NULL
) ENGINE=InnoDB DEFAULT CHARSET=latin1;
/*!40101 SET character_set_client = @saved_cs_client */;

--
-- Dumping data for table `hibernate_sequences`
--

LOCK TABLES `hibernate_sequences` WRITE;
/*!40000 ALTER TABLE `hibernate_sequences` DISABLE KEYS */;
INSERT INTO `hibernate_sequences` VALUES ('DomainEntity',2);
/*!40000 ALTER TABLE `hibernate_sequences` ENABLE KEYS */;
UNLOCK TABLES;

--
-- Table structure for table `notification`
--

DROP TABLE IF EXISTS `notification`;
/*!40101 SET @saved_cs_client     = @@character_set_client */;
/*!40101 SET character_set_client = utf8 */;
CREATE TABLE `notification` (
  `id` int(11) NOT NULL,
  `version` int(11) NOT NULL,
  `description` varchar(255) DEFAULT NULL,
  `moment` datetime DEFAULT NULL,
  `reason` varchar(255) DEFAULT NULL,
  `type` int(11) DEFAULT NULL,
  PRIMARY KEY (`id`)
) ENGINE=InnoDB DEFAULT CHARSET=latin1;
/*!40101 SET character_set_client = @saved_cs_client */;

--
-- Dumping data for table `notification`
--

LOCK TABLES `notification` WRITE;
/*!40000 ALTER TABLE `notification` DISABLE KEYS */;
INSERT INTO `notification` VALUES (78,0,'Se han cambiado las politicas de uso','2018-03-12 09:25:00','Cambio en las politicas',5),(79,0,'Las tasas han aumentado.','2018-03-09 06:12:00','Cambio de tasas',5),(80,0,'Las tasas sobre el transporte han aumentado.','2018-02-18 06:12:00','Cambio de tasas',5),(81,0,'Las politicas de adopcion han cambiado.','2018-01-21 06:12:00','Cambio de tasas',5);
/*!40000 ALTER TABLE `notification` ENABLE KEYS */;
UNLOCK TABLES;

--
-- Table structure for table `notification_actor`
--

DROP TABLE IF EXISTS `notification_actor`;
/*!40101 SET @saved_cs_client     = @@character_set_client */;
/*!40101 SET character_set_client = utf8 */;
CREATE TABLE `notification_actor` (
  `Notification_id` int(11) NOT NULL,
  `actors_id` int(11) NOT NULL,
  KEY `FK_2rjj76x0yut9u4lplhsd3cw5c` (`Notification_id`),
  CONSTRAINT `FK_2rjj76x0yut9u4lplhsd3cw5c` FOREIGN KEY (`Notification_id`) REFERENCES `notification` (`id`)
) ENGINE=InnoDB DEFAULT CHARSET=latin1;
/*!40101 SET character_set_client = @saved_cs_client */;

--
-- Dumping data for table `notification_actor`
--

LOCK TABLES `notification_actor` WRITE;
/*!40000 ALTER TABLE `notification_actor` DISABLE KEYS */;
INSERT INTO `notification_actor` VALUES (78,93),(78,94),(78,95),(79,96),(79,97),(79,98),(80,87),(80,88),(80,89),(81,90),(81,91),(81,92);
/*!40000 ALTER TABLE `notification_actor` ENABLE KEYS */;
UNLOCK TABLES;

--
-- Table structure for table `offer`
--

DROP TABLE IF EXISTS `offer`;
/*!40101 SET @saved_cs_client     = @@character_set_client */;
/*!40101 SET character_set_client = utf8 */;
CREATE TABLE `offer` (
  `id` int(11) NOT NULL,
  `version` int(11) NOT NULL,
  `comment` varchar(255) DEFAULT NULL,
  `city` varchar(255) DEFAULT NULL,
  `country` varchar(255) DEFAULT NULL,
  `province` varchar(255) DEFAULT NULL,
  `state` varchar(255) DEFAULT NULL,
  `zip_code` varchar(255) DEFAULT NULL,
  `day` int(11) DEFAULT NULL,
  `month` int(11) DEFAULT NULL,
  `week` int(11) DEFAULT NULL,
  `year` int(11) DEFAULT NULL,
  `isAccepted` bit(1) DEFAULT NULL,
  `price` double DEFAULT NULL,
  `startMoment` datetime DEFAULT NULL,
  `animal_id` int(11) NOT NULL,
  `request_id` int(11) NOT NULL,
  `trainer_id` int(11) NOT NULL,
  PRIMARY KEY (`id`),
  KEY `FK_ro7rlm9mc1pqndicpv2111j0s` (`animal_id`),
  KEY `FK_tmnqseleq7u3in8enca0wag9n` (`request_id`),
  KEY `FK_skwc6d8kbqqesqleg100m4r68` (`trainer_id`),
  CONSTRAINT `FK_ro7rlm9mc1pqndicpv2111j0s` FOREIGN KEY (`animal_id`) REFERENCES `animal` (`id`),
  CONSTRAINT `FK_skwc6d8kbqqesqleg100m4r68` FOREIGN KEY (`trainer_id`) REFERENCES `trainer` (`id`),
  CONSTRAINT `FK_tmnqseleq7u3in8enca0wag9n` FOREIGN KEY (`request_id`) REFERENCES `request` (`id`)
) ENGINE=InnoDB DEFAULT CHARSET=latin1;
/*!40101 SET character_set_client = @saved_cs_client */;

--
-- Dumping data for table `offer`
--

LOCK TABLES `offer` WRITE;
/*!40000 ALTER TABLE `offer` DISABLE KEYS */;
INSERT INTO `offer` VALUES (115,0,'Comment Offer 1','Cordoba','Spain','Cordoba','Cordoba','38854',1,8,2,0,'\0',1580,'2018-11-24 09:00:00',106,109,96),(116,0,'Comment Offer 2','Jaen','Spain','Jaen','Jaen','32500',0,2,0,1,'\0',180,'2018-10-26 10:00:00',107,110,96),(117,0,'Comment Offer 3','Granada','Spain','Granada','Granada','31154',4,2,1,0,'',259,'2018-05-14 06:00:00',108,111,97);
/*!40000 ALTER TABLE `offer` ENABLE KEYS */;
UNLOCK TABLES;

--
-- Table structure for table `price`
--

DROP TABLE IF EXISTS `price`;
/*!40101 SET @saved_cs_client     = @@character_set_client */;
/*!40101 SET character_set_client = utf8 */;
CREATE TABLE `price` (
  `id` int(11) NOT NULL,
  `version` int(11) NOT NULL,
  `adoptionFee` double DEFAULT NULL,
  `bannerPrice` double DEFAULT NULL,
  `travelFee` double DEFAULT NULL,
  PRIMARY KEY (`id`)
) ENGINE=InnoDB DEFAULT CHARSET=latin1;
/*!40101 SET character_set_client = @saved_cs_client */;

--
-- Dumping data for table `price`
--

LOCK TABLES `price` WRITE;
/*!40000 ALTER TABLE `price` DISABLE KEYS */;
INSERT INTO `price` VALUES (85,0,15,0.02,10);
/*!40000 ALTER TABLE `price` ENABLE KEYS */;
UNLOCK TABLES;

--
-- Table structure for table `professional`
--

DROP TABLE IF EXISTS `professional`;
/*!40101 SET @saved_cs_client     = @@character_set_client */;
/*!40101 SET character_set_client = utf8 */;
CREATE TABLE `professional` (
  `id` int(11) NOT NULL,
  `version` int(11) NOT NULL,
  `city` varchar(255) DEFAULT NULL,
  `country` varchar(255) DEFAULT NULL,
  `province` varchar(255) DEFAULT NULL,
  `state` varchar(255) DEFAULT NULL,
  `zip_code` varchar(255) DEFAULT NULL,
  `email` varchar(255) DEFAULT NULL,
  `name` varchar(255) DEFAULT NULL,
  `phone` varchar(255) DEFAULT NULL,
  `picture` longblob,
  `userAccount_id` int(11) DEFAULT NULL,
  `avgRating` double DEFAULT NULL,
  PRIMARY KEY (`id`),
  KEY `FK_gs7pec4fp5hprha5n76c6yedi` (`userAccount_id`),
  CONSTRAINT `FK_gs7pec4fp5hprha5n76c6yedi` FOREIGN KEY (`userAccount_id`) REFERENCES `useraccount` (`id`)
) ENGINE=InnoDB DEFAULT CHARSET=latin1;
/*!40101 SET character_set_client = @saved_cs_client */;

--
-- Dumping data for table `professional`
--

LOCK TABLES `professional` WRITE;
/*!40000 ALTER TABLE `professional` DISABLE KEYS */;
INSERT INTO `professional` VALUES (87,0,'Palma de Mallorca','Spain','Mallorca','Islas Baleares','65897','profesional1@gmail.com','Name Profesional1','+34666944487','AC',69,2.5),(88,0,'Ferrol','Spain','Coruña','Galicia','32154','profesional2@gmail.com','Name Professional2','+38 632165112','AC',70,26.6),(89,0,'Madrir','Spain','Madrid','Madrid','32784','professional3@gmail.com','Name Professional3','+34 632144487','AC',71,32.4);
/*!40000 ALTER TABLE `professional` ENABLE KEYS */;
UNLOCK TABLES;

--
-- Table structure for table `rating`
--

DROP TABLE IF EXISTS `rating`;
/*!40101 SET @saved_cs_client     = @@character_set_client */;
/*!40101 SET character_set_client = utf8 */;
CREATE TABLE `rating` (
  `id` int(11) NOT NULL,
  `version` int(11) NOT NULL,
  `comment` varchar(255) DEFAULT NULL,
  `moment` datetime DEFAULT NULL,
  `stars` int(11) DEFAULT NULL,
  `customer_id` int(11) NOT NULL,
  `request_id` int(11) DEFAULT NULL,
  `trainer_id` int(11) DEFAULT NULL,
  `travel_id` int(11) DEFAULT NULL,
  PRIMARY KEY (`id`),
  KEY `FK_lmp6pjk3a5vj31cs7kfjljrbu` (`customer_id`),
  KEY `FK_hwkdwp7l3sstefhpsyv71s0jl` (`request_id`),
  KEY `FK_7mp693gklq46yg8m7jhtfaati` (`trainer_id`),
  KEY `FK_n8ra90uvtxcysq9edmdabetcl` (`travel_id`),
  CONSTRAINT `FK_7mp693gklq46yg8m7jhtfaati` FOREIGN KEY (`trainer_id`) REFERENCES `trainer` (`id`),
  CONSTRAINT `FK_hwkdwp7l3sstefhpsyv71s0jl` FOREIGN KEY (`request_id`) REFERENCES `request` (`id`),
  CONSTRAINT `FK_lmp6pjk3a5vj31cs7kfjljrbu` FOREIGN KEY (`customer_id`) REFERENCES `customer` (`id`),
  CONSTRAINT `FK_n8ra90uvtxcysq9edmdabetcl` FOREIGN KEY (`travel_id`) REFERENCES `travel` (`id`)
) ENGINE=InnoDB DEFAULT CHARSET=latin1;
/*!40101 SET character_set_client = @saved_cs_client */;

--
-- Dumping data for table `rating`
--

LOCK TABLES `rating` WRITE;
/*!40000 ALTER TABLE `rating` DISABLE KEYS */;
INSERT INTO `rating` VALUES (126,0,'Muchas curvas','2018-01-20 09:00:00',2,93,NULL,NULL,123),(127,0,'Muy amable','2018-01-20 09:00:00',5,94,NULL,NULL,124),(128,0,'Me adiestro el perro flama','2018-01-20 09:00:00',4,94,111,97,NULL);
/*!40000 ALTER TABLE `rating` ENABLE KEYS */;
UNLOCK TABLES;

--
-- Table structure for table `receipt`
--

DROP TABLE IF EXISTS `receipt`;
/*!40101 SET @saved_cs_client     = @@character_set_client */;
/*!40101 SET character_set_client = utf8 */;
CREATE TABLE `receipt` (
  `id` int(11) NOT NULL,
  `version` int(11) NOT NULL,
  `amount` double DEFAULT NULL,
  `commission` double DEFAULT NULL,
  `isPaid` bit(1) NOT NULL,
  `moment` datetime DEFAULT NULL,
  `request_id` int(11) NOT NULL,
  `trainer_id` int(11) NOT NULL,
  PRIMARY KEY (`id`),
  KEY `FK_4v88q4mrc981mayx065mc9geg` (`request_id`),
  KEY `FK_e5726rs75038p8yaqdl8jb17h` (`trainer_id`),
  CONSTRAINT `FK_4v88q4mrc981mayx065mc9geg` FOREIGN KEY (`request_id`) REFERENCES `request` (`id`),
  CONSTRAINT `FK_e5726rs75038p8yaqdl8jb17h` FOREIGN KEY (`trainer_id`) REFERENCES `trainer` (`id`)
) ENGINE=InnoDB DEFAULT CHARSET=latin1;
/*!40101 SET character_set_client = @saved_cs_client */;

--
-- Dumping data for table `receipt`
--

LOCK TABLES `receipt` WRITE;
/*!40000 ALTER TABLE `receipt` DISABLE KEYS */;
INSERT INTO `receipt` VALUES (118,0,259,15,'\0',NULL,111,97);
/*!40000 ALTER TABLE `receipt` ENABLE KEYS */;
UNLOCK TABLES;

--
-- Table structure for table `request`
--

DROP TABLE IF EXISTS `request`;
/*!40101 SET @saved_cs_client     = @@character_set_client */;
/*!40101 SET character_set_client = utf8 */;
CREATE TABLE `request` (
  `id` int(11) NOT NULL,
  `version` int(11) NOT NULL,
  `category` int(11) DEFAULT NULL,
  `description` varchar(255) DEFAULT NULL,
  `isCancelled` bit(1) DEFAULT NULL,
  `tags` varchar(255) DEFAULT NULL,
  `animal_id` int(11) DEFAULT NULL,
  `customer_id` int(11) NOT NULL,
  PRIMARY KEY (`id`),
  KEY `FK_ila0mvu43vwy5hfbhu6ewx0ft` (`animal_id`),
  KEY `FK_4w7d65kg4g35nxkufpk7f4rpx` (`customer_id`),
  CONSTRAINT `FK_4w7d65kg4g35nxkufpk7f4rpx` FOREIGN KEY (`customer_id`) REFERENCES `customer` (`id`),
  CONSTRAINT `FK_ila0mvu43vwy5hfbhu6ewx0ft` FOREIGN KEY (`animal_id`) REFERENCES `animal` (`id`)
) ENGINE=InnoDB DEFAULT CHARSET=latin1;
/*!40101 SET character_set_client = @saved_cs_client */;

--
-- Dumping data for table `request`
--

LOCK TABLES `request` WRITE;
/*!40000 ALTER TABLE `request` DISABLE KEYS */;
INSERT INTO `request` VALUES (109,0,3,'Description Request 1','\0','Tag Request 1',106,93),(110,0,2,'Description Request 2','\0','Tag Request 2',NULL,93),(111,0,4,'Description Request 3','\0','Tag Request 3',NULL,94);
/*!40000 ALTER TABLE `request` ENABLE KEYS */;
UNLOCK TABLES;

--
-- Table structure for table `specie`
--

DROP TABLE IF EXISTS `specie`;
/*!40101 SET @saved_cs_client     = @@character_set_client */;
/*!40101 SET character_set_client = utf8 */;
CREATE TABLE `specie` (
  `id` int(11) NOT NULL,
  `version` int(11) NOT NULL,
  `type` varchar(255) DEFAULT NULL,
  PRIMARY KEY (`id`)
) ENGINE=InnoDB DEFAULT CHARSET=latin1;
/*!40101 SET character_set_client = @saved_cs_client */;

--
-- Dumping data for table `specie`
--

LOCK TABLES `specie` WRITE;
/*!40000 ALTER TABLE `specie` DISABLE KEYS */;
INSERT INTO `specie` VALUES (99,0,'Perro'),(100,0,'Gato'),(101,0,'Reptil');
/*!40000 ALTER TABLE `specie` ENABLE KEYS */;
UNLOCK TABLES;

--
-- Table structure for table `trainer`
--

DROP TABLE IF EXISTS `trainer`;
/*!40101 SET @saved_cs_client     = @@character_set_client */;
/*!40101 SET character_set_client = utf8 */;
CREATE TABLE `trainer` (
  `id` int(11) NOT NULL,
  `version` int(11) NOT NULL,
  `city` varchar(255) DEFAULT NULL,
  `country` varchar(255) DEFAULT NULL,
  `province` varchar(255) DEFAULT NULL,
  `state` varchar(255) DEFAULT NULL,
  `zip_code` varchar(255) DEFAULT NULL,
  `email` varchar(255) DEFAULT NULL,
  `name` varchar(255) DEFAULT NULL,
  `phone` varchar(255) DEFAULT NULL,
  `picture` longblob,
  `userAccount_id` int(11) DEFAULT NULL,
  `avgRating` double DEFAULT NULL,
  `nid` varchar(255) DEFAULT NULL,
  `surname` varchar(255) DEFAULT NULL,
  PRIMARY KEY (`id`),
  KEY `FK_1v0ljnwuhlwur1d8ukoe2vlhp` (`userAccount_id`),
  CONSTRAINT `FK_1v0ljnwuhlwur1d8ukoe2vlhp` FOREIGN KEY (`userAccount_id`) REFERENCES `useraccount` (`id`)
) ENGINE=InnoDB DEFAULT CHARSET=latin1;
/*!40101 SET character_set_client = @saved_cs_client */;

--
-- Dumping data for table `trainer`
--

LOCK TABLES `trainer` WRITE;
/*!40000 ALTER TABLE `trainer` DISABLE KEYS */;
INSERT INTO `trainer` VALUES (96,0,'Paris','France','Paris','Paris','34454','trainer1@gmail.com','Name Trainer1','+34 632144487','B ',72,114.4,'116598T','Surname Trainer1'),(97,0,'Barcelona','Spain','Barcelona','Catalunya','37754','trainer2@gmail.com','Name Trainer2','+34 632144487','A ',73,16.4,'116698T','Surname Trainer2'),(98,0,'Valencia','Spain','Valencia','Comunidad Valenciana','32554','trainer3@gmail.com','Name Trainer3','+34 632144487','B ',74,42.9,'886598T','Surname Trainer3');
/*!40000 ALTER TABLE `trainer` ENABLE KEYS */;
UNLOCK TABLES;

--
-- Table structure for table `training`
--

DROP TABLE IF EXISTS `training`;
/*!40101 SET @saved_cs_client     = @@character_set_client */;
/*!40101 SET character_set_client = utf8 */;
CREATE TABLE `training` (
  `id` int(11) NOT NULL,
  `version` int(11) NOT NULL,
  `category` int(11) DEFAULT NULL,
  `description` varchar(255) DEFAULT NULL,
  `day` int(11) DEFAULT NULL,
  `month` int(11) DEFAULT NULL,
  `week` int(11) DEFAULT NULL,
  `year` int(11) DEFAULT NULL,
  `price` double DEFAULT NULL,
  `trainer_id` int(11) NOT NULL,
  PRIMARY KEY (`id`),
  KEY `FK_ovgw9a8j3uacw3u2hhgbeua5a` (`trainer_id`),
  CONSTRAINT `FK_ovgw9a8j3uacw3u2hhgbeua5a` FOREIGN KEY (`trainer_id`) REFERENCES `trainer` (`id`)
) ENGINE=InnoDB DEFAULT CHARSET=latin1;
/*!40101 SET character_set_client = @saved_cs_client */;

--
-- Dumping data for table `training`
--

LOCK TABLES `training` WRITE;
/*!40000 ALTER TABLE `training` DISABLE KEYS */;
INSERT INTO `training` VALUES (112,0,3,'Description training 1',1,8,2,0,1580,96),(113,0,2,'Description training 2',0,2,0,1,180,96),(114,0,4,'Description training 3',4,2,1,0,259,97);
/*!40000 ALTER TABLE `training` ENABLE KEYS */;
UNLOCK TABLES;

--
-- Table structure for table `transporter`
--

DROP TABLE IF EXISTS `transporter`;
/*!40101 SET @saved_cs_client     = @@character_set_client */;
/*!40101 SET character_set_client = utf8 */;
CREATE TABLE `transporter` (
  `id` int(11) NOT NULL,
  `version` int(11) NOT NULL,
  `city` varchar(255) DEFAULT NULL,
  `country` varchar(255) DEFAULT NULL,
  `province` varchar(255) DEFAULT NULL,
  `state` varchar(255) DEFAULT NULL,
  `zip_code` varchar(255) DEFAULT NULL,
  `email` varchar(255) DEFAULT NULL,
  `name` varchar(255) DEFAULT NULL,
  `phone` varchar(255) DEFAULT NULL,
  `picture` longblob,
  `userAccount_id` int(11) DEFAULT NULL,
  `avgRating` double DEFAULT NULL,
  PRIMARY KEY (`id`),
  KEY `FK_qywrsv8uxytpwgtf5tl44qurc` (`userAccount_id`),
  CONSTRAINT `FK_qywrsv8uxytpwgtf5tl44qurc` FOREIGN KEY (`userAccount_id`) REFERENCES `useraccount` (`id`)
) ENGINE=InnoDB DEFAULT CHARSET=latin1;
/*!40101 SET character_set_client = @saved_cs_client */;

--
-- Dumping data for table `transporter`
--

LOCK TABLES `transporter` WRITE;
/*!40000 ALTER TABLE `transporter` DISABLE KEYS */;
/*!40000 ALTER TABLE `transporter` ENABLE KEYS */;
UNLOCK TABLES;

--
-- Table structure for table `transporter_travel`
--

DROP TABLE IF EXISTS `transporter_travel`;
/*!40101 SET @saved_cs_client     = @@character_set_client */;
/*!40101 SET character_set_client = utf8 */;
CREATE TABLE `transporter_travel` (
  `Transporter_id` int(11) NOT NULL,
  `travelPassengers_id` int(11) NOT NULL,
  KEY `FK_ov5tp9b1ovislpb34t1ya28bt` (`travelPassengers_id`),
  CONSTRAINT `FK_ov5tp9b1ovislpb34t1ya28bt` FOREIGN KEY (`travelPassengers_id`) REFERENCES `travel` (`id`)
) ENGINE=InnoDB DEFAULT CHARSET=latin1;
/*!40101 SET character_set_client = @saved_cs_client */;

--
-- Dumping data for table `transporter_travel`
--

LOCK TABLES `transporter_travel` WRITE;
/*!40000 ALTER TABLE `transporter_travel` DISABLE KEYS */;
INSERT INTO `transporter_travel` VALUES (93,123),(94,124);
/*!40000 ALTER TABLE `transporter_travel` ENABLE KEYS */;
UNLOCK TABLES;

--
-- Table structure for table `travel`
--

DROP TABLE IF EXISTS `travel`;
/*!40101 SET @saved_cs_client     = @@character_set_client */;
/*!40101 SET character_set_client = utf8 */;
CREATE TABLE `travel` (
  `id` int(11) NOT NULL,
  `version` int(11) NOT NULL,
  `animalSeats` int(11) DEFAULT NULL,
  `cityDestination` varchar(255) DEFAULT NULL,
  `countryDestination` varchar(255) DEFAULT NULL,
  `provinceDestination` varchar(255) DEFAULT NULL,
  `stateDestination` varchar(255) DEFAULT NULL,
  `zip_codeDestination` varchar(255) DEFAULT NULL,
  `endMoment` datetime DEFAULT NULL,
  `humanSeats` int(11) DEFAULT NULL,
  `cityOrigin` varchar(255) DEFAULT NULL,
  `countryOrigin` varchar(255) DEFAULT NULL,
  `provinceOrigin` varchar(255) DEFAULT NULL,
  `stateOrigin` varchar(255) DEFAULT NULL,
  `zip_codeOrigin` varchar(255) DEFAULT NULL,
  `startMoment` datetime DEFAULT NULL,
  `transporterOwner_id` int(11) NOT NULL,
  `vehicle_id` int(11) NOT NULL,
  PRIMARY KEY (`id`),
  KEY `FK_a7doeh55rblmfiqkbhh2hfinn` (`vehicle_id`),
  CONSTRAINT `FK_a7doeh55rblmfiqkbhh2hfinn` FOREIGN KEY (`vehicle_id`) REFERENCES `vehicle` (`id`)
) ENGINE=InnoDB DEFAULT CHARSET=latin1;
/*!40101 SET character_set_client = @saved_cs_client */;

--
-- Dumping data for table `travel`
--

LOCK TABLES `travel` WRITE;
/*!40000 ALTER TABLE `travel` DISABLE KEYS */;
INSERT INTO `travel` VALUES (122,0,1,'Sevilla','Spain','Sevilla','Sevilla','31004','2018-04-20 11:00:00',2,'Cadiz','Spain','Cadiz','Cadiz','11487','2018-04-20 09:00:00',87,119),(123,0,1,'Malaga','Spain','Malaga','Malaga','30054','2018-02-20 11:00:00',3,'Huelva','Spain','Huelva','Huelva','31199','2018-02-20 09:00:00',87,120),(124,0,2,'Almeria','Spain','Almeria','Almeria','55154','2018-01-20 11:00:00',4,'Granada','Spain','Granada','Granada','31100','2018-01-20 09:00:00',93,121),(125,0,1,'Sevilla','Spain','Sevilla','Sevilla','51114','2018-04-26 11:30:00',1,'Almeria','Spain','Almeria','Almeria','55100','2018-04-26 09:00:00',87,120);
/*!40000 ALTER TABLE `travel` ENABLE KEYS */;
UNLOCK TABLES;

--
-- Table structure for table `useraccount`
--

DROP TABLE IF EXISTS `useraccount`;
/*!40101 SET @saved_cs_client     = @@character_set_client */;
/*!40101 SET character_set_client = utf8 */;
CREATE TABLE `useraccount` (
  `id` int(11) NOT NULL,
  `version` int(11) NOT NULL,
  `enabled` bit(1) NOT NULL,
  `password` varchar(255) DEFAULT NULL,
  `username` varchar(255) DEFAULT NULL,
  PRIMARY KEY (`id`),
  UNIQUE KEY `UK_csivo9yqa08nrbkog71ycilh5` (`username`)
) ENGINE=InnoDB DEFAULT CHARSET=latin1;
/*!40101 SET character_set_client = @saved_cs_client */;

--
-- Dumping data for table `useraccount`
--

LOCK TABLES `useraccount` WRITE;
/*!40000 ALTER TABLE `useraccount` DISABLE KEYS */;
INSERT INTO `useraccount` VALUES (65,0,'','8c6976e5b5410415bde908bd4dee15dfb167a9c873fc4bb8a81f6f2ab448a918','admin'),(66,0,'','dea26157fa355301663174eac368538cff8939f36681d6712dedba439ab98b70','customer1'),(67,0,'','c8c7cb5b9e8f7a1b3d1d02602ada62327132391dbe0e8ee07913cd550eea1f3b','customer2'),(68,0,'','18c5c9be898c65c5e5c51ac3e94feacff0b991f8463a3a18eb524e9f7e6131a8','customer3'),(69,0,'','79343603654a9d7ab7550de6020b8968cecd9b051f372f76e4c3bf8a02b1ee61','profesional1'),(70,0,'','99d5980282b6633c17349bb3d3d5f3e5fefda316f0f8be84b01648237958cf1b','profesional2'),(71,0,'','5e795db8cd035981c62fd5605aa491264ea16d32b1e107142afc600c9ee58972','profesional3'),(72,0,'','167ec7e469d6e543b4180fdbe60ddacf81563fb178f908896e46a5e86633c702','trainer1'),(73,0,'','16378a428f831c77c6c49def99620f0f17f4ba693df2826ee8fbd6c6d451e4b7','trainer2'),(74,0,'','29209ecd78e31959de6fcb45b068f221f1130de844cfddd0b63af57369cec375','trainer3'),(75,0,'','0f7395dd04906037a9a7cb770b347e787be1d096ff0190af6bd591b260d2f60e','animalshelter1'),(76,0,'','ce07a44593752910b4c9f35875b2db5c7e66fa44d2217ea5fd6d45d463759a56','animalshelter2'),(77,0,'','a3dc6a11182b57ea49b4e2386479d6ce25bdfc29210c22ac23ce8c9233684928','animalshelter3'),(32768,1,'','248d67c32335148922fa1a0aa9298cd732ee74a28aab774b6fdf120fa4839a1c','prueba');
/*!40000 ALTER TABLE `useraccount` ENABLE KEYS */;
UNLOCK TABLES;

--
-- Table structure for table `useraccount_authorities`
--

DROP TABLE IF EXISTS `useraccount_authorities`;
/*!40101 SET @saved_cs_client     = @@character_set_client */;
/*!40101 SET character_set_client = utf8 */;
CREATE TABLE `useraccount_authorities` (
  `UserAccount_id` int(11) NOT NULL,
  `authority` varchar(255) DEFAULT NULL,
  KEY `FK_b63ua47r0u1m7ccc9lte2ui4r` (`UserAccount_id`),
  CONSTRAINT `FK_b63ua47r0u1m7ccc9lte2ui4r` FOREIGN KEY (`UserAccount_id`) REFERENCES `useraccount` (`id`)
) ENGINE=InnoDB DEFAULT CHARSET=latin1;
/*!40101 SET character_set_client = @saved_cs_client */;

--
-- Dumping data for table `useraccount_authorities`
--

LOCK TABLES `useraccount_authorities` WRITE;
/*!40000 ALTER TABLE `useraccount_authorities` DISABLE KEYS */;
INSERT INTO `useraccount_authorities` VALUES (65,'ADMIN'),(66,'CUSTOMER'),(67,'CUSTOMER'),(68,'CUSTOMER'),(69,'PROFESSIONAL'),(70,'PROFESSIONAL'),(71,'PROFESSIONAL'),(72,'TRAINER'),(73,'TRAINER'),(74,'TRAINER'),(75,'ANIMALSHELTER'),(76,'ANIMALSHELTER'),(77,'ANIMALSHELTER'),(32768,'CUSTOMER');
/*!40000 ALTER TABLE `useraccount_authorities` ENABLE KEYS */;
UNLOCK TABLES;

--
-- Table structure for table `vehicle`
--

DROP TABLE IF EXISTS `vehicle`;
/*!40101 SET @saved_cs_client     = @@character_set_client */;
/*!40101 SET character_set_client = utf8 */;
CREATE TABLE `vehicle` (
  `id` int(11) NOT NULL,
  `version` int(11) NOT NULL,
  `accommodation` varchar(255) DEFAULT NULL,
  `brand` int(11) DEFAULT NULL,
  `carType` int(11) DEFAULT NULL,
  `color` varchar(255) DEFAULT NULL,
  `description` varchar(255) DEFAULT NULL,
  `isActived` bit(1) DEFAULT NULL,
  `license` varchar(255) DEFAULT NULL,
  `picture` tinyblob,
  `seats` int(11) DEFAULT NULL,
  `year` int(11) DEFAULT NULL,
  `transporter_id` int(11) NOT NULL,
  PRIMARY KEY (`id`)
) ENGINE=InnoDB DEFAULT CHARSET=latin1;
/*!40101 SET character_set_client = @saved_cs_client */;

--
-- Dumping data for table `vehicle`
--

LOCK TABLES `vehicle` WRITE;
/*!40000 ALTER TABLE `vehicle` DISABLE KEYS */;
INSERT INTO `vehicle` VALUES (119,0,'Tengo un cinturon para perros',0,2,'ROJO','Climatizado','','1234BCD','AC',3,2012,87),(120,0,'Tengo una jaula.',4,3,'VERDE','Climatizado','','1234BCR','AC',7,2016,87),(121,0,'Tengo un remolque adicional',4,1,'BLANCO','Climatizado','','1254BCD','AC',4,2015,93);
/*!40000 ALTER TABLE `vehicle` ENABLE KEYS */;
UNLOCK TABLES;
/*!40103 SET TIME_ZONE=@OLD_TIME_ZONE */;

/*!40101 SET SQL_MODE=@OLD_SQL_MODE */;
/*!40014 SET FOREIGN_KEY_CHECKS=@OLD_FOREIGN_KEY_CHECKS */;
/*!40014 SET UNIQUE_CHECKS=@OLD_UNIQUE_CHECKS */;
/*!40101 SET CHARACTER_SET_CLIENT=@OLD_CHARACTER_SET_CLIENT */;
/*!40101 SET CHARACTER_SET_RESULTS=@OLD_CHARACTER_SET_RESULTS */;
/*!40101 SET COLLATION_CONNECTION=@OLD_COLLATION_CONNECTION */;
/*!40111 SET SQL_NOTES=@OLD_SQL_NOTES */;

-- Dump completed on 2018-03-22  1:08:06

commit;
