<?xml version="1.0" encoding="UTF-8"?>

<!-- 
 * security.xml
 *
 * Copyright (C) 2017 Universidad de Sevilla
 * 
 * The use of this project is hereby constrained to the conditions of the 
 * TDG Licence, a copy of which you may download from 
 * http://www.tdg-seville.info/License.html
 -->

<beans xmlns="http://www.springframework.org/schema/beans"
	xmlns:xsi="http://www.w3.org/2001/XMLSchema-instance" xmlns:security="http://www.springframework.org/schema/security"	
	xsi:schemaLocation="
		http://www.springframework.org/schema/beans http://www.springframework.org/schema/beans/spring-beans-4.0.xsd		
        http://www.springframework.org/schema/security http://www.springframework.org/schema/security/spring-security-3.2.xsd
    ">

	<!-- Security infrastructure -->

	<bean id="loginService" class="security.LoginService" />

	<bean id="passwordEncoder"
		class="org.springframework.security.authentication.encoding.Md5PasswordEncoder" />

	<!-- Access control -->

	<security:http auto-config="true" use-expressions="true">
		<security:intercept-url pattern="/" access="permitAll" /> 

		<security:intercept-url pattern="/favicon.ico" access="permitAll" /> 
		<security:intercept-url pattern="/images/**" access="permitAll" /> 
		<security:intercept-url pattern="/scripts/**" access="permitAll" /> 
		<security:intercept-url pattern="/styles/**" access="permitAll" /> 

		<security:intercept-url pattern="/views/misc/index.jsp" access="permitAll" /> 

		<security:intercept-url pattern="/security/login.do" access="permitAll" /> 
		<security:intercept-url pattern="/security/loginFailure.do" access="permitAll" /> 

		<security:intercept-url pattern="/welcome/index.do" access="permitAll" /> 
		<security:intercept-url pattern="/misc/conditions.do" access="permitAll" /> 

		<!-- permitAll -->
		
		<security:intercept-url pattern="/event/listOrganisedLessOneMonth.do" access="permitAll" /> 
		<security:intercept-url pattern="/event/list.do" access="permitAll" /> 
		<security:intercept-url pattern="/event/display.do" access="permitAll" /> 
		
		<!-- isAnonymous() -->
		
		<security:intercept-url pattern="/chorbi/register.do" access="isAnonymous()" />
		<security:intercept-url pattern="/managerActor/register.do" access="isAnonymous()" />  
		
		<!-- isAuthenticated() -->
		
		<security:intercept-url pattern="/chorbi/actor/list.do" access="isAuthenticated()" /> 
		<security:intercept-url pattern="/chorbi/actor/display.do" access="isAuthenticated()" /> 
		
		<!-- MANAGER AND CHORBI -->
		
		<security:intercept-url pattern="/chirp/actor/receivedChirps.do" access="hasAnyRole('MANAGER','CHORBI')" /> 
		<security:intercept-url pattern="/chirp/actor/sentChirps.do" access="hasAnyRole('MANAGER','CHORBI')" />   
		<security:intercept-url pattern="/chirp/actor/delete.do" access="hasAnyRole('MANAGER','CHORBI')" /> 
		<security:intercept-url pattern="/chirp/actor/resend.do" access="hasAnyRole('MANAGER','CHORBI')" /> 
		<security:intercept-url pattern="/chirp/actor/reply.do" access="hasAnyRole('MANAGER','CHORBI')" /> 
		<security:intercept-url pattern="/chirp/actor/create.do" access="hasAnyRole('MANAGER','CHORBI')" /> 
		
		<security:intercept-url pattern="/creditCard/actor/list.do" access="hasAnyRole('MANAGER','CHORBI')" />
		<security:intercept-url pattern="/creditCard/actor/create.do" access="hasAnyRole('MANAGER','CHORBI')" />
		<security:intercept-url pattern="/creditCard/actor/edit.do" access="hasAnyRole('MANAGER','CHORBI')" />
		<security:intercept-url pattern="/creditCard/actor/delete.do" access="hasAnyRole('MANAGER','CHORBI')" />
		
		<!-- MANAGER -->
		
		<security:intercept-url pattern="/event/manager/listByManager.do" access="hasRole('MANAGER')" />
		<security:intercept-url pattern="/event/manager/create.do" access="hasRole('MANAGER')" />
		<security:intercept-url pattern="/event/manager/edit.do" access="hasRole('MANAGER')" />
		
		<security:intercept-url pattern="/chirp/manager/createBroadcast.do" access="hasRole('MANAGER')" /> 
		
		<!-- CHORBI -->
		
		<security:intercept-url pattern="/event/chorbi/listByChorbi.do" access="hasRole('CHORBI')" />
		<security:intercept-url pattern="/event/chorbi/register.do" access="hasRole('CHORBI')" />
		<security:intercept-url pattern="/event/chorbi/unregister.do" access="hasRole('CHORBI')" />
		
		<security:intercept-url pattern="/like/chorbi/create.do" access="hasRole('CHORBI')" /> 
		<security:intercept-url pattern="/like/chorbi/cancel.do" access="hasRole('CHORBI')" /> 
		

		<security:intercept-url pattern="/profile/chorbi/edit.do" access="hasRole('CHORBI')" />
		
		<security:intercept-url pattern="/searchTemplate/chorbi/create.do" access="hasRole('CHORBI')" />
		<security:intercept-url pattern="/searchTemplate/chorbi/edit.do" access="hasRole('CHORBI')" /> 
		<security:intercept-url pattern="/searchTemplate/chorbi/display.do" access="hasRole('CHORBI')" />
		<security:intercept-url pattern="/searchTemplate/chorbi/list.do" access="hasRole('CHORBI')" />   
		<security:intercept-url pattern="/searchTemplate/chorbi/findBySearchTemplate.do" access="hasRole('CHORBI')" />

		<security:intercept-url pattern="/chorbi/listWhoLikeMe.do" access="hasRole('CHORBI')" /> 
		
		<!-- ADMIN -->
		
		<security:intercept-url pattern="/administrator/dashboard.do" access="hasRole('ADMIN')" /> 
		
		<security:intercept-url pattern="/banner/administrator/list.do" access="hasRole('ADMIN')" /> 
		<security:intercept-url pattern="/banner/administrator/create.do" access="hasRole('ADMIN')" /> 
		<security:intercept-url pattern="/banner/administrator/edit.do" access="hasRole('ADMIN')" /> 
		<security:intercept-url pattern="/banner/administrator/delete.do" access="hasRole('ADMIN')" /> 
		
		<security:intercept-url pattern="/chorbi/administrator/ban.do" access="hasRole('ADMIN')" /> 
		<security:intercept-url pattern="/chorbi/administrator/unban.do" access="hasRole('ADMIN')" /> 
		<security:intercept-url pattern="/chorbi/administrator/updateFee.do" access="hasRole('ADMIN')" /> 
		
		<security:intercept-url pattern="/configuration/administrator/edit.do" access="hasRole('ADMIN')" /> 
		
		<!--  -->
	
		<security:intercept-url pattern="/**" access="hasRole('NONE')" />

		<security:form-login 
			login-page="/security/login.do"
			password-parameter="password" 
			username-parameter="username"
			authentication-failure-url="/security/loginFailure.do" />

		<security:logout 
			logout-success-url="/" 
			invalidate-session="true" />
	</security:http>

</beans>