<?xml version="1.0" encoding="UTF-8"?>

<!-- 
 * PopulateDatabase.xml
 *
 * Copyright (C) 2017 Universidad de Sevilla
 * 
 * The use of this project is hereby constrained to the conditions of the 
 * TDG Licence, a copy of which you may download from 
 * http://www.tdg-seville.info/License.html
 -->

<beans xmlns="http://www.springframework.org/schema/beans"
	xmlns:xsi="http://www.w3.org/2001/XMLSchema-instance"
	xsi:schemaLocation="
		http://www.springframework.org/schema/beans http://www.springframework.org/schema/beans/spring-beans.xsd">
	
	<!-- User accounts -->

	<bean id="userAccount1" class="security.UserAccount">
		<property name="username" value="admin" />
		<property name="password" value="21232f297a57a5a743894a0e4a801fc3" />
		<property name="authorities">
			<list>
				<bean class="security.Authority">
					<property name="authority" value="ADMIN" />
				</bean>
			</list>
		</property>
	</bean>

	<bean id="userAccount2" class="security.UserAccount">
		<property name="username" value="chorbi1" />
		<property name="password" value="3daa859a294cdefb20a84840240a76f5" />
		<property name="authorities">
			<list>
				<bean class="security.Authority">
					<property name="authority" value="CHORBI" />
				</bean>
			</list>
		</property>
	</bean>
	
	<bean id="userAccount3" class="security.UserAccount">
		<property name="username" value="chorbi2" />
		<property name="password" value="0c8746de81268518ff83490301db8652" />
		<property name="authorities">
			<list>
				<bean class="security.Authority">
					<property name="authority" value="CHORBI" />
				</bean>
			</list>
		</property>
	</bean>
	
	<bean id="userAccount4" class="security.UserAccount">
		<property name="username" value="chorbi3" />
		<property name="password" value="a2da05a88eead7e64593826cafc6a7a7" />
		<property name="authorities">
			<list>
				<bean class="security.Authority">
					<property name="authority" value="CHORBI" />
				</bean>
			</list>
		</property>
	</bean>
	
	<bean id="userAccount5" class="security.UserAccount">
		<property name="username" value="chorbi4" />
		<property name="password" value="a09dd233386632e297a7f4f461989563" />
		<property name="authorities">
			<list>
				<bean class="security.Authority">
					<property name="authority" value="CHORBI" />
				</bean>
			</list>
		</property>
	</bean>
	
	<bean id="userAccount6" class="security.UserAccount">
		<property name="username" value="chorbi5" />
		<property name="password" value="7e062f6f2a4c0f7ec5abacef2917e033" />
		<property name="authorities">
			<list>
				<bean class="security.Authority">
					<property name="authority" value="CHORBI" />
				</bean>
			</list>
		</property>
	</bean>

	<bean id="userAccount7" class="security.UserAccount">
		<property name="username" value="manager1" />
		<property name="password" value="c240642ddef994358c96da82c0361a58" />
		<property name="authorities">
			<list>
				<bean class="security.Authority">
					<property name="authority" value="MANAGER" />
				</bean>
			</list>
		</property>
	</bean>
	
	<bean id="userAccount8" class="security.UserAccount">
		<property name="username" value="manager2" />
		<property name="password" value="8df5127cd164b5bc2d2b78410a7eea0c" />
		<property name="authorities">
			<list>
				<bean class="security.Authority">
					<property name="authority" value="MANAGER" />
				</bean>
			</list>
		</property>
	</bean>
	
	<bean id="userAccount9" class="security.UserAccount">
		<property name="username" value="manager3" />
		<property name="password" value="2d3a5db4a2a9717b43698520a8de57d0" />
		<property name="authorities">
			<list>
				<bean class="security.Authority">
					<property name="authority" value="MANAGER" />
				</bean>
			</list>
		</property>
	</bean>
	
	<!-- Other domain beans come here -->	
	
	<!-- Configuration -->
	
	<bean id="configuration1" class="domain.Configuration">
		<property name="cachedTime" value="01/01/2017 12:00:00" />
		<property name="managerFee" value="1.00" />
		<property name="chorbiFee" value="1.00" />
	</bean>
	
	<!-- Administrator -->
	
	<bean id="administrator1" class="domain.Administrator">
		<property name="name" value="Admin 1"/>
		<property name="surname" value="Surname Admin 1"/>
		<property name="email" value="admin1@gmail.com"/>
		<property name="phoneNumber" value="+34 (954) 596093"/>
		
		<property name="userAccount" ref="userAccount1"/>
		
	</bean>
	
	<!-- Banner -->
	
	<bean id="banner1" class="domain.Banner">
		<property name="picture" value="https://pbs.twimg.com/media/C8Pj_l8XcAAOyjG.jpg"/>
	</bean>
	
	<bean id="banner2" class="domain.Banner">
		<property name="picture" value="https://pbs.twimg.com/media/C8PjXs6XsAI1qoi.png"/>
	</bean>
	
	<bean id="banner3" class="domain.Banner">
		<property name="picture" value="https://pbs.twimg.com/media/C8PjEe9XoAAeJC6.jpg"/>
	</bean>
	
	<!-- Manager -->
	
	<bean id="manager1" class="domain.Manager">
		<property name="name" value="Rogelio"/>
		<property name="surname" value="Rosa Retorcido"/>
		<property name="email" value="rorore@gmail.com"/>
		<property name="phoneNumber" value="+34 (954) 15948"/>
		<property name="userAccount" ref="userAccount7"/>
		
		<property name="company" value="Company 1"/>
		<property name="vatNumber" value="ES99999999R"/>
		<property name="fee" value="2.0"/>
	</bean>
	
	<bean id="manager2" class="domain.Manager">
		<property name="name" value="Jorge"/>
		<property name="surname" value="Martínez León"/>
		<property name="email" value="jormarle@gmail.com"/>
		<property name="phoneNumber" value="+34 (954) 98514"/>
		<property name="userAccount" ref="userAccount8"/>
		
		<property name="company" value="Company 2"/>
		<property name="vatNumber" value="IE1234567TW"/>
		<property name="fee" value="2.0"/>
	</bean>
	
	<bean id="manager3" class="domain.Manager">
		<property name="name" value="Manager 3"/>
		<property name="surname" value="Surname Manager 3"/>
		<property name="email" value="manager3@gmail.com"/>
		<property name="phoneNumber" value="+34 (954) 32615"/>
		<property name="userAccount" ref="userAccount9"/>
		
		<property name="company" value="Company 1"/>
		<property name="vatNumber" value="ES99999999R"/>
		<property name="fee" value="0"/>
	</bean>
	
	<!-- Event -->
	
	<bean id="event1" class="domain.Event">
		<property name="title" value="Event 1"/>
		<property name="organisedMoment" value="10/31/2017 12:30"/>
		<property name="description" value="Description of event1"/>
		<property name="picture" value="https://1dj7ia2prpz93pxo7t32a2j1-wpengine.netdna-ssl.com/wp-content/uploads/2013/02/special-event.jpg"/>
		<property name="seatsNumber" value="10"/>
		<property name="availableSeats" value="9"/>
		
		<property name="manager" ref="manager1"/>
		<property name="chorbies">
			<list>
				<ref bean="chorbi1" /> 
			</list>
		</property>
		
	</bean>
	
	<bean id="event2" class="domain.Event">
		<property name="title" value="Event 2"/>
		<property name="organisedMoment" value="07/05/2017 10:00"/>
		<property name="description" value="Description of event2"/>
		<property name="picture" value="http://www.aal-europe.eu/wp-content/uploads/2013/12/events_medium.jpg"/>
		<property name="seatsNumber" value="2"/>
		<property name="availableSeats" value="0"/>
		
		<property name="manager" ref="manager1"/>
		<property name="chorbies">
			<list>
				<ref bean="chorbi1" /> 
				<ref bean="chorbi2" /> 
			</list>
		</property>
		
	</bean>
	
	<bean id="event3" class="domain.Event">
		<property name="title" value="Event 3"/>
		<property name="organisedMoment" value="05/20/2017 18:15"/>
		<property name="description" value="Description of event3"/>
		<property name="picture" value="https://upload.wikimedia.org/wikipedia/commons/thumb/1/14/The_Event_2010_Intertitle.svg/1200px-The_Event_2010_Intertitle.svg.png"/>
		<property name="seatsNumber" value="6"/>
		<property name="availableSeats" value="3"/>
		
		<property name="manager" ref="manager2"/>
		<property name="chorbies">
			<list>
				<ref bean="chorbi1" /> 
				<ref bean="chorbi2" /> 
				<ref bean="chorbi3" /> 
			</list>
		</property>
		
	</bean>
	
	<bean id="event4" class="domain.Event">
		<property name="title" value="Event 4"/>
		<property name="organisedMoment" value="04/14/2017 17:45"/>
		<property name="description" value="Description of event4"/>
		<property name="picture" value="http://www.hutdogs.com/ext/blog/wp-content/uploads/2013/05/EventIcon.jpg"/>
		<property name="seatsNumber" value="6"/>
		<property name="availableSeats" value="6"/>
		
		<property name="manager" ref="manager2"/>
		<property name="chorbies">
			<list>
			</list>
		</property>
		
	</bean>
	
	<!-- Coordinates -->
	
	<bean id="coordinates1" class="domain.Coordinates">
		<property name="country" value="España" />
		<property name="provice" value="Sevilla" />
		<property name="city" value="Sevilla" />
	</bean>
	
	<bean id="coordinates2" class="domain.Coordinates">
		<property name="country" value="España" />
		<property name="city" value="Córdoba" />
	</bean>
	
	<!-- Chorbi -->
	
	<bean id="chorbi1" class="domain.Chorbi">
		<property name="name" value="Gloria" />
		<property name="surname" value="Bustos Cuéllar" />
		<property name="email" value="globuscue@gmail.com" />
		<property name="phoneNumber" value="+34 (21) 1234" />
		<property name="userAccount" ref="userAccount2" />
		
		<property name="picture" value="https://s-media-cache-ak0.pinimg.com/736x/09/34/a8/0934a8927d94439aaf1e123e91875ce0.jpg" />
		<property name="description" value="Soy to guapa, lista y simpática. Quien que esté conmigo será muy afortunado, ¿quiéres ser tu? ;) contacta conmigo! +31 (12) 1234 o soytoguapa@gmail.com" />
		<property name="genre" value="woman" />
		<property name="banned" value="false" />
		<property name="birthDate" value="10/31/1992" />
		<property name="relationshipEngage" value="love" />
		<property name="coordinates" ref="coordinates1" />
		<property name="lastFeeDate" value="03/05/2017 09:00" />
		<property name="fee" value="3.0" />
		<property name="givenLikes">
			<list>
				<ref bean="like1" /> 
				<ref bean="like2" /> 
				<ref bean="like3" /> 
			</list>
		</property>
		<property name="receivedLikes">
			<list>
				<ref bean="like4" /> 
			</list>
		</property>
		<property name="events">
			<list>
				<ref bean="event1" /> 
				<ref bean="event2" /> 
				<ref bean="event3" /> 
			</list>
		</property>
	
	</bean>
	
	<bean id="chorbi2" class="domain.Chorbi">
		<property name="name" value="Luis" />
		<property name="surname" value="Jimeno Castilla" />
		<property name="email" value="luijimcas@gmail.com" />
		<property name="phoneNumber" value="1415" />
		<property name="userAccount" ref="userAccount3" />
		
		<property name="picture" value="http://i.huffpost.com/gen/2791534/images/o-MAN-DRINKING-MARTINI-facebook.jpg" />
		<property name="description" value="Soy un superespía internacional. Ahora, estoy navegando por el Caribe, robando información secreta y bebiendo un martini mezclado, no agitado. Bueno vale, es broma jeje. Pero me gusta un buen martini y navegar. ¿Te gustaría conocerme?" />
		<property name="genre" value="man" />
		<property name="banned" value="false" />
		<property name="birthDate" value="12/12/1989" />
		<property name="relationshipEngage" value="activities" />
		<property name="coordinates" ref="coordinates2" />
		<property name="lastFeeDate" value="04/01/2017 10:30" />
		<property name="fee" value="2.0" />
		<property name="givenLikes">
			<list>
			</list>
		</property>
		<property name="receivedLikes">
			<list>
				<ref bean="like1" /> 
				<ref bean="like5" /> 
			</list>
		</property>
		<property name="events">
			<list>
				<ref bean="event2" /> 
				<ref bean="event3" />  
			</list>
		</property>
	</bean>
	
	<bean id="chorbi3" class="domain.Chorbi">
		<property name="name" value="Silvia" />
		<property name="surname" value="Sánchez Casal" />
		<property name="email" value="silsancas@gmail.com" />
		<property name="phoneNumber" value="91011" />
		<property name="userAccount" ref="userAccount4" />
		
		<property name="picture" value="https://s-media-cache-ak0.pinimg.com/originals/be/cf/32/becf3289fa39ff5cf1240f2b6252f8fa.jpg" />
		<property name="description" value="Hola! soy divertida, romántica y soñadora. Me encanta la naturaleza y viajar a cualquier parte del mundo. Quisiera encontrar el amor de mi vida. Abstenerse pervertidos." />
		<property name="genre" value="woman" />
		<property name="banned" value="false" />
		<property name="birthDate" value="11/04/1995" />
		<property name="relationshipEngage" value="love" />
		<property name="coordinates" ref="coordinates2" />
		<property name="lastFeeDate" value="04/01/2017 10:30" />
		<property name="fee" value="2.0" />
		<property name="givenLikes">
			<list>
				<ref bean="like4" /> 
				<ref bean="like5" /> 
			</list>
		</property>
		<property name="receivedLikes">
			<list>
			</list>
		</property>
		<property name="events">
			<list>
				<ref bean="event3" /> 
			</list>
		</property>
	</bean>
	
	<bean id="chorbi4" class="domain.Chorbi">
		<property name="name" value="Mateo" />
		<property name="surname" value="Ashakura Elurriaga" />
		<property name="email" value="matashelu@gmail.com" />
		<property name="phoneNumber" value="1213" />
		<property name="userAccount" ref="userAccount5" />
		
		<property name="picture" value="http://backstage-pickcrew.s3.amazonaws.com/wp-content/uploads/2016/04/06232104/Joshua-Earle-in-Switzerland-1024x683.jpeg" />
		<property name="description" value="Me encanta la aventura y viajar, soy amante de los animales y busco amistad o una relación estable con alguien que tenga los mismos gustos que yo." />
		<property name="genre" value="man" />
		<property name="banned" value="false" />
		<property name="birthDate" value="10/21/1991" />
		<property name="relationshipEngage" value="friendship" />
		<property name="coordinates" ref="coordinates2" />
		<property name="lastFeeDate" value="01/01/2017 09:00" />
		<property name="fee" value="0.0" />
		<property name="givenLikes">
			<list>
			</list>
		</property>
		<property name="receivedLikes">
			<list>
				<ref bean="like3" /> 
			</list>
		</property>
		<property name="events">
			<list>
			</list>
		</property>
	</bean>
	
	<bean id="chorbi5" class="domain.Chorbi">
		<property name="name" value="Rafael" />
		<property name="surname" value="Raimundo Rana" />
		<property name="email" value="rafrairan@gmail.com" />
		<property name="phoneNumber" value="5678" />
		<property name="userAccount" ref="userAccount6" />
		
		<property name="picture" value="http://cdn01.cdn.justjared.com/wp-content/uploads/2013/04/hammer-uncle/armie-hammer-joins-tom-cruise-in-man-from-uncle-05.jpg" />
		<property name="description" value="Hola chic@s! soy un tío muy tierno y cariñoso, estoy buscando una persona para amistad.....o lo que surja jejeje" />
		<property name="genre" value="man" />
		<property name="banned" value="false" />
		<property name="birthDate" value="12/11/1990" />
		<property name="relationshipEngage" value="love" />
		<property name="coordinates" ref="coordinates1" />
		<property name="lastFeeDate" value="02/10/2017 09:00" />
		<property name="fee" value="1.0" />
		<property name="givenLikes">
			<list>
			</list>
		</property>
		<property name="receivedLikes">
			<list>
				<ref bean="like2" /> 
			</list>
		</property>
		<property name="events">
			<list>
			</list>
		</property>
	</bean>
	
	<!-- CreditCard -->
	
	<bean id="creditCard1" class="domain.CreditCard">
		<property name="holderName" value="Gloria Bustos Cuéllar" />
		<property name="brandName" value="VISA" />
		<property name="number" value="4015224727093842" />
		<property name="expirationMonth" value="12" />
		<property name="expirationYear" value="2017" />
		<property name="cvv" value="290" />
		<property name="actor" ref="chorbi1" />
	</bean>
		
	<bean id="creditCard2" class="domain.CreditCard">
		<property name="holderName" value="Rafael Raimundo Rana" />
		<property name="brandName" value="MASTERCARD" />
		<property name="number" value="4810100212629307" />
		<property name="expirationMonth" value="11" />
		<property name="expirationYear" value="2018" />
		<property name="cvv" value="270" />
		<property name="actor" ref="chorbi5" />
	</bean>
	
	<bean id="creditCard3" class="domain.CreditCard">
		<property name="holderName" value="Silvia Sánchez Casal" />
		<property name="brandName" value="DISCOVER" />
		<property name="number" value="6011179219437494" />
		<property name="expirationMonth" value="12" />
		<property name="expirationYear" value="2020" />
		<property name="cvv" value="270" />
		<property name="actor" ref="chorbi3" />
	</bean>
	
	<bean id="creditCard4" class="domain.CreditCard">
		<property name="holderName" value="Luis Jimeno Castilla" />
		<property name="brandName" value="AMEX" />
		<property name="number" value="5499511710445761" />
		<property name="expirationMonth" value="05" />
		<property name="expirationYear" value="2019" />
		<property name="cvv" value="270" />
		<property name="actor" ref="chorbi2" />
	</bean>
	
	<bean id="creditCard5" class="domain.CreditCard">
		<property name="holderName" value="Rogelio Rosa Retorcido" />
		<property name="brandName" value="MASTERCARD" />
		<property name="number" value="5723934378353861" />
		<property name="expirationMonth" value="11" />
		<property name="expirationYear" value="2019" />
		<property name="cvv" value="370" />
		<property name="actor" ref="manager1" />
	</bean>
	
	<bean id="creditCard6" class="domain.CreditCard">
		<property name="holderName" value="Jorge Martínez León" />
		<property name="brandName" value="VISA" />
		<property name="number" value="4563555368560045" />
		<property name="expirationMonth" value="10" />
		<property name="expirationYear" value="2021" />
		<property name="cvv" value="210" />
		<property name="actor" ref="manager2" />
	</bean>
	
	<!-- SearchTemplate -->
	
	<bean id="searchTemplate1" class="domain.SearchTemplate">
		<property name="approximateAge" value="25" />
		<property name="genre" value="woman" />
		<property name="searchTime" value="02/02/2017 12:30" />
		<property name="chorbi" ref="chorbi2" />
		<property name="results">
			<list>
				<ref bean="chorbi3" /> 
				<ref bean="chorbi1" /> 
			</list>
		</property>
	</bean>
	
	<bean id="searchTemplate2" class="domain.SearchTemplate">
		<property name="genre" value="woman" />
		<property name="searchTime" value="02/03/2017 19:20" />
		<property name="chorbi" ref="chorbi4" />
		<property name="results">
			<list>
				<ref bean="chorbi3" /> 
				<ref bean="chorbi1" /> 
			</list>
		</property>
	</bean>
	
	<bean id="searchTemplate3" class="domain.SearchTemplate">
		<property name="chorbi" ref="chorbi1" />
		<property name="searchTime" value="04/01/2017 11:00" />
		<property name="results">
			<list>
				<ref bean="chorbi1" /> 
				<ref bean="chorbi2" /> 
				<ref bean="chorbi3" /> 
				<ref bean="chorbi4" /> 
				<ref bean="chorbi5" /> 
			</list>
		</property>
	</bean>
	
	<bean id="searchTemplate4" class="domain.SearchTemplate">
		<property name="approximateAge" value="31" />
		<property name="singleKeyword" value="aventura" />
		<property name="genre" value="man" />
		<property name="searchTime" value="01/03/2017 12:30" />
		<property name="chorbi" ref="chorbi3" />
		<property name="results">
			<list>
				<ref bean="chorbi4" /> 
			</list>
		</property>
	</bean>
	
	<bean id="searchTemplate5" class="domain.SearchTemplate">
		<property name="chorbi" ref="chorbi5" />
		<property name="results">
			<list>
			</list>
		</property>
	</bean>
	
	<!-- Like -->
	
	<bean id="like1" class="domain.Like">
		<property name="likeMoment" value="04/01/2017 10:30" />
		<property name="starsNumber" value="1"/>
		<property name="givenBy" ref="chorbi1" />
		<property name="givenTo" ref="chorbi2" />
		
	</bean>
	
	<bean id="like2" class="domain.Like">
		<property name="likeMoment" value="03/08/2017 16:15" />
		<property name="comment" value="Hola he visto tu perfil y me interesa conocerte." />
		<property name="starsNumber" value="3"/>
		<property name="givenBy" ref="chorbi1" />
		<property name="givenTo" ref="chorbi5" />
	</bean>
	
	<bean id="like3" class="domain.Like">
		<property name="likeMoment" value="02/28/2017 00:00" />
		<property name="comment" value="He visto que te gustan los animales como a mí, ¿quieres que paseemos algún dia al perro juntos? ;)" />
		<property name="starsNumber" value="2"/>
		<property name="givenBy" ref="chorbi1" />
		<property name="givenTo" ref="chorbi4" />
	</bean>
	
	<bean id="like4" class="domain.Like">
		<property name="likeMoment" value="01/02/2017 13:59" />
		<property name="comment" value="Tu libro favorito es el último que leí, ¿me recomendarías alguno mas?. Me gusta la lectura, podríamos hacer una quedada para hablar de los libros y lo que surja jeje" />
		<property name="starsNumber" value="3"/>
		<property name="givenBy" ref="chorbi3" />
		<property name="givenTo" ref="chorbi1" />
	</bean>
	
	<bean id="like5" class="domain.Like">
		<property name="likeMoment" value="01/20/2017 16:30" />
		<property name="starsNumber" value="1"/>
		<property name="givenBy" ref="chorbi3" />
		<property name="givenTo" ref="chorbi2" />
	</bean>

	
	<!-- Chirp -->
	
	<bean id="chirp1" class="domain.Chirp">
		<property name="sentMoment" value="04/02/2017 4:00" />
		<property name="subject" value="Hola :)"/>
		<property name="text" value="Te gustaría ser mi chorba? :)"/>
		<property name="attachments">
			<list>
			</list>
		</property>
		<property name="copy" value="false"/>
		
		<property name="sender" ref="chorbi2"/>
		<property name="recipient" ref="chorbi1"/>		
	</bean>
	
	<bean id="chirp2" class="domain.Chirp">
		<property name="sentMoment" value="04/02/2017 4:00" />
		<property name="subject" value="Hola :)"/>
		<property name="text" value="Te gustaría ser mi chorba? :)"/>
		<property name="attachments">
			<list>
			</list>
		</property>
		<property name="copy" value="true"/>
		
		<property name="sender" ref="chorbi2"/>
		<property name="recipient" ref="chorbi1"/>	
			
	</bean>
	
	<bean id="chirp3" class="domain.Chirp">
		<property name="sentMoment" value="02/02/2017 17:47" />
		<property name="subject" value="Qué tal?"/>
		<property name="text" value="Hola, qué tal estás?"/>
		<property name="attachments">
			<list>
			</list>
		</property>
		<property name="copy" value="false"/>
		
		<property name="sender" ref="chorbi3"/>
		<property name="recipient" ref="chorbi4"/>		
	</bean>
	<bean id="chirp4" class="domain.Chirp">
		<property name="sentMoment" value="02/02/2017 17:47" />
		<property name="subject" value="Qué tal?"/>
		<property name="text" value="Hola, qué tal estás?"/>
		<property name="attachments">
			<list>
			</list>
		</property>
		<property name="copy" value="true"/>
		
		<property name="sender" ref="chorbi3"/>
		<property name="recipient" ref="chorbi4"/>		
	</bean>
	
	<bean id="chirp5" class="domain.Chirp">
		<property name="sentMoment" value="03/02/2017 14:24" />
		<property name="subject" value="Quiero conocerte"/>
		<property name="text" value="Hola, qué te parece si quedamos para tomar un café y conocernos? ;)"/>
		<property name="attachments">
			<list>
			</list>
		</property>
		<property name="copy" value="false"/>
		
		<property name="sender" ref="chorbi3"/>
		<property name="recipient" ref="chorbi5"/>		
	</bean>
	<bean id="chirp6" class="domain.Chirp">
		<property name="sentMoment" value="03/02/2017 14:24" />
		<property name="subject" value="Quiero conocerte"/>
		<property name="text" value="Hola, qué te parece si quedamos para tomar un café y conocernos? ;)"/>
		<property name="attachments">
			<list>
			</list>
		</property>
		<property name="copy" value="true"/>
		
		<property name="sender" ref="chorbi3"/>
		<property name="recipient" ref="chorbi5"/>		
	</bean>
	
	<bean id="chirp7" class="domain.Chirp">
		<property name="sentMoment" value="04/24/2017 14:24" />
		<property name="subject" value="Invitación"/>
		<property name="text" value="Hola, me gustaría invitarte a mi evento. ¿Te apuntas?"/>
		<property name="attachments">
			<list>
			</list>
		</property>
		<property name="copy" value="false"/>
		
		<property name="sender" ref="manager1"/>
		<property name="recipient" ref="chorbi5"/>		
	</bean>

	<bean id="chirp8" class="domain.Chirp">
		<property name="sentMoment" value="04/24/2017 14:24" />
		<property name="subject" value="Invitación"/>
		<property name="text" value="Hola, me gustaría invitarte a mi evento. ¿Te apuntas?"/>
		<property name="attachments">
			<list>
			</list>
		</property>
		<property name="copy" value="true"/>
		
		<property name="sender" ref="manager1"/>
		<property name="recipient" ref="chorbi5"/>		
	</bean>
	
	<bean id="chirp9" class="domain.Chirp">
		<property name="sentMoment" value="04/17/2017 17:34" />
		<property name="subject" value="Valoración"/>
		<property name="text" value="Vi que asististe a nuestro evento ¿Qué te pareció?"/>
		<property name="attachments">
			<list>
			</list>
		</property>
		<property name="copy" value="false"/>
		
		<property name="sender" ref="manager2"/>
		<property name="recipient" ref="chorbi3"/>		
	</bean>
	
	<bean id="chirp10" class="domain.Chirp">
		<property name="sentMoment" value="04/17/2017 17:34" />
		<property name="subject" value="Valoración"/>
		<property name="text" value="Vi que asististe a nuestro evento ¿Qué te pareció?"/>
		<property name="attachments">
			<list>
			</list>
		</property>
		<property name="copy" value="true"/>
		
		<property name="sender" ref="manager2"/>
		<property name="recipient" ref="chorbi3"/>		
	</bean>
</beans>